FECHA_HORA_UTC;REGION;LATITUD (°) LOCALIZACIÓN HIPOCENTRO;LONGITUD (°) LOCALIZACIÓN HIPOCENTRO;PROFUNDIDAD (Km) LOCALIZACIÓN HIPOCENTRO;MAGNITUD ;AGENCIA ;LATITUD (°) LOCALIZACIÓN CENTROIDE;LONGITUD (°) LOCALIZACIÓN CENTROIDE;PROFUNDIDAD (Km) LOCALIZACIÓN CENTROIDE;MAGNITUD ;Mo (N.m);Strike plano 1 (°) PLANOS NODALES;Dip plano 1 (°) PLANOS NODALES;Rake plano 1 (°) PLANOS NODALES;Strike plano 2 (°) PLANOS NODALES;Dip plano 2 (°) PLANOS NODALES;Rake plano 2 (°) PLANOS NODALES;T-Plunge (°) EJES PRINCIPALES;T-Azimuth (°) EJES PRINCIPALES;N-Plunge (°) EJES PRINCIPALES;N-Azimuth (°) EJES PRINCIPALES;P-Plunge (°) EJES PRINCIPALES;P-Azimuth (°) EJES PRINCIPALES;Mxx (N.m) MOMENTO TENSOR;Myy (N.m) MOMENTO TENSOR;Mzz (N.m) MOMENTO TENSOR;Mxy (N.m) MOMENTO TENSOR;Myz (N.m) MOMENTO TENSOR;Mzx (N.m) MOMENTO TENSOR;Catalogo
2014-02-17 09:41:37;Tame - Arauca, Colombia;6,5;-71,72;43;5,5;SGC;6,6;-72;35;5.4 Mw;1,548E+17;3;81;102;128;15;36;;;;;;;3,1946e+15;-4,9985e+16;4,6791e+16;-2,9169e+16;-1,4355e+17;1,2565e+16;SWIFT
2014-03-27 10:21:16;Puerto Gaitán - Meta, Colombia;3,93;-71,58;4;4,3;SGC;3,5;-71,1;5;4.8 Mw;2,314E+16;299;4;-52;81;87;-92;;;;;;;2,7841e+15;-2,4630e+14;-2,5378e+15;5,4945e+14;3,6756e+15;-2,2683e+16;SWIFT
2014-03-30 08:36:59;Los Santos - Santander, Colombia;6,8;-73,16;142;4,6;SGC;6,5;-73,5;180;4.9 Mw;2,538E+16;198;74;-29;297;62;-162;;;;;;;-1,1920e+16;1,8440e+16;-6,5204e+15;1,5347e+16;-8,0333e+15;9,0436e+15;SWIFT
2014-06-01 02:37:35;Venezuela;10,34;-72,86;4;4,7;SGC;10,4;-73;40;4.7 Mw;1,669E+16;286;35;167;27;83;56;;;;;;;-8,2029e+15;4,6749e+15;3,5280e+15;6,9755e+15;-1,2451e+16;4,9062e+15;SWIFT
2014-07-12 22:37:13;Los Santos - Santander, Colombia;6,8;-73,16;144;4,5;SGC;6,7;-72,9;140;4.1 Mw;1,905E+15;40;35;-65;190;59;-106;;;;;;;2,1557e+14;1,4068e+15;-1,6224e+15;-7,1869e+14;-8,7626e+14;-1,2563e+14;SWIFT
2014-10-01 15:37:29;Los Santos - Santander, Colombia;6,81;-73,14;156;4,6;SGC;6,8;-73,1;140;4.3 Mw;3,556E+15;22;60;-11;118;80;-150;;;;;;;-2,0175e+15;2,6051e+15;-5,8761e+14;1,9705e+15;-3,3926e+14;-1,7453e+15;SWIFT
2014-11-20 05:40:10;Los Santos - Santander, Colombia;6,82;-73,17;154;4,7;SGC;6,834;-73,168;155;4.3 Mw;4.004e+15 ;355;54;-60;130;46;-125;4;64;24;156;66;325;-3.266E+15;0.232E+15;3.034E+15;-1.05E+15;-1.1E+15;-1.939E+15;ISOLA
2014-11-25 20:20:16;Los Santos - Santander, Colombia;6,82;-73,17;150;5,3;SGC;6,801;-73,13;155;4.8 Mw;2.206e+16 ;150;40;53;14;59;117;65;333;23;180;10;85;1.754E+16;0.262E+16;-2.016E+16;0.754E+16;0.764E+16;0.33E+16;ISOLA
2014-02-07 20:37:11;Los Santos - Santander, Colombia;6,8;-73,16;156;5,4;SGC;;;;;;154+/-3;55+/-3;57+/-2;23+/-3;47+/-3;128+/-2;;;;;;;;;;;;;POLARIDADES
2014-03-24 20:28:34;Montecristo - Bolívar, Colombia;8,38;-74,48;46,2;4,2;SGC;;;;;;118+/-6;38+/-11;77+/-6;314+/-6;53+/-11;100+/-6;;;;;;;;;;;;;POLARIDADES
2014-06-12 06:30:41;Villavicencio - Meta, Colombia;4,19;-73,7;0,1;4,3;SGC;;;;;;56+/-6;83+/-5;-162+/-10;324+/-6;72+/-5;-7+/-10;;;;;;;;;;;;;POLARIDADES
2014-08-24 08:04:59;Pácora - Caldas, Colombia;5,48;-75,49;2,7;3,9;SGC;;;;;;159+/-2;79+/-5;-2+/-2;249+/-2;88+/-5;-169+/-2;;;;;;;;;;;;;POLARIDADES
2014-10-19 02:20:33;La Celia - Risaralda, Colombia;4,97;-75,98;114,3;4,7;SGC;;;;;;141+/-4;78+/-3;-180+/-6;51+/-4;90+/-3;-12+/-6;;;;;;;;;;;;;POLARIDADES
2014-11-25 20:20:16;Los Santos - Santander, Colombia;6,82;-73,17;150;5,3;SGC;;;;;;20+/-2;43+/-3;154+/-9;130+/-2;73+/-3;50+/-9;;;;;;;;;;;;;POLARIDADES
2014-12-14 01:49:30;Fúquene - Cundinamarca, Colombia;5,45;-73,75;151,1;5;SGC;;;;;;1+/-6;76+/-5;-102+/-4;222+/-6;18+/-5;-50+/-4;;;;;;;;;;;;;POLARIDADES
2015-03-10 20:55:44;Los Santos - Santander, Colombia;6,82;-73,13;158;6,4;SGC;7,1;-73;120;6.5 Mw;6,869E+18;29;85;-18;121;72;-175;;;;;;;-5,4324e+18;5,8010e+18;-3,6859e+17;3,2924e+18;1,5523e+18;-1,5114e+18;SWIFT
2015-08-09 19:36:19;Sinamaica - Zulia, Venezuela, Colombia;10,84;-72,19;115;5;SGC;10,6;-72,5;60;4.9 Mw;3,156E+16;268;83;9;177;81;173;;;;;;;-3,3511e+15;2,1568e+15;1,1944e+15;-3,0822e+16;3,9637e+15;-4,6549e+15;SWIFT
2015-09-18 04:35:09;Sevilla - Valle del Cauca, Colombia;4,11;-75,87;0;4,7;SGC;4,2;-75,9;15;4.4 Mw;5,054E+15;52;50;150;162;67;44;;;;;;;1,7080e+15;-4,1966e+15;2,4886e+15;2,0185e+15;1,9468e+15;2,0779e+15;SWIFT
2015-10-14 07:47:19;La Esperanza - Norte de Santander, Colombia;7,74;-73,33;118;5,5;SGC;7,8;-73,3;100;5.1 Mw;4,944E+16;351;29;26;238;78;116;;;;;;;6,2074e+15;-2,4587e+16;1,8380e+16;1,7649e+16;1,7423e+16;-3,6590e+16;SWIFT
2015-10-29 22:40:25;Los Santos - Santander, Colombia;6,81;-73,14;153;4,4;SGC;6,8;-73,1;140;4.2 Mw;2,363E+15;29;59;-9;124;82;-149;;;;;;;-1,6199e+15;1,9462e+15;-3,2639e+14;9,2173e+14;-4,3098e+14;-1,1355e+15;SWIFT
2015-03-10 20:55:44;Los Santos - Santander, Colombia;6,82;-73,13;158;6,4;SGC;6,83;-73,136;140;6.3 Mw;3.367e+18 ;24;66;-74;170;28;-121;20;103;14;198;65;321;-2.281E+18;-0.43E+18;2.711E+18;-1.132E+18;-1.865E+18;0.457E+18;ISOLA
2015-03-24 20:52:27;Los Santos - Santander, Colombia;6,8;-73,15;154;4,5;SGC;6,801;-73,154;150;4.3 Mw;3.400e+15 ;141;90;25;51;65;180;17;9;65;142;17;274;0.403E+15;2.798E+15;-3.2E+15;0.641E+15;-1.291E+15;-0.609E+15;ISOLA
2015-07-01 05:55:26;Los Santos - Santander, Colombia;6,8;-73,13;145;4,6;SGC;6,8;-73,132;144;4.2 Mw;2.850e+15 ;84;79;33;346;58;167;31;310;55;100;14;211;0.581E+15;-1.098E+15;0.517E+15;1.379E+15;0.64E+15;2.215E+15;ISOLA
2015-10-14 07:47:19;La Esperanza - Norte de Santander, Colombia;7,74;-73,33;118;5,5;SGC;7,742;-73,329;138;5.2 Mw;7,572E+16;236;88;130;328;40;3;35;179;39;54;31;294;0.512E+16;4.019E+16;-4.531E+16;-4.502E+16;-3.652E+16;-2.292E+16;ISOLA
2015-11-28 17:45:03;Los Santos - Santander, Colombia;6,82;-73,15;154;4,9;SGC;6,819;-73,149;160;4.7 Mw;1.655e+16 ;68;70;-157;330;69;-22;1;199;60;108;30;289;-0.347E+16;1.291E+16;-0.944E+16;-0.277E+16;-0.743E+16;-0.879E+16;ISOLA
2015-02-05 04:21:51;Venezuela;8,36;-72,13;4,1;5,4;SGC;;;;;;0+/-1;41+/-5;38+/-3;239+/-1;66+/-5;124+/-3;;;;;;;;;;;;;POLARIDADES
2015-03-22 22:27:37;San Juan del Cesar - la Guajira, Colombia;6,8;-73,15;154,6;5;SGC;;;;;;67+/-2;78+/-1;138+/-3;168+/-2;49+/-1;16+/-3;;;;;;;;;;;;;POLARIDADES
2015-03-24 20:52:27;Los Santos - Santander, Colombia;6,8;-73,15;153,8;4,5;SGC;;;;;;49+/-4;74+/-10;158+/-4;145+/-4;69+/-10;17+/-4;;;;;;;;;;;;;POLARIDADES
2015-05-16 09:00:59;Paipa - Boyacá, Colombia;5,72;-73,13;0;4,4;SGC;;;;;;149+/-5;88+/-5;-3+/-6;239+/-5;87+/-5;-178+/-6;;;;;;;;;;;;;POLARIDADES
2015-07-27 00:45:34;Villamaria - Caldas, Colombia;5,03;-75,53;2,9;3,8;SGC;;;;;;85+/-3;85+/-3;157+/-3;177+/-3;67+/-3;5+/-3;;;;;;;;;;;;;POLARIDADES
2015-09-18 04:35:09;Sevilla - Valle del Cauca, Colombia;4,11;-75,87;0;4,7;SGC;;;;;;151+/-2;68+/-8;-2+/-2;242+/-2;88+/-8;-158+/-2;;;;;;;;;;;;;POLARIDADES
2015-09-23 18:47:23;Simacota - Santander, Colombia;6,53;-73,56;137,6;4,4;SGC;;;;;;97+/-14;53+/-4;58+/-15;323+/-14;47+/-4;125+/-15;;;;;;;;;;;;;POLARIDADES
2015-11-28 17:45:03;Los Santos - Santander, Colombia;6,82;-73,15;154;4,9;SGC;;;;;;159+/-4;82+/-6;18+/-4;66+/-4;72+/-6;172+/-4;;;;;;;;;;;;;POLARIDADES
2016-01-01 05:28:57;Los Santos - Santander, Colombia;6,82;-73,15;150,5;4;SGC;;;;;;57+/-8;78+/-7;-42+/-2;158+/-8;49+/-7;-164+/-2;;;;;;;;;;;;;POLARIDADES
2016-01-01 15:45:28;Yacopí - Cundinamarca, Colombia;5,62;-74,37;82,9;3,6;SGC;;;;;;12+/-3;64+/-5;178+/-6;103+/-3;88+/-5;26+/-6;;;;;;;;;;;;;POLARIDADES
2016-01-08 14:55:17;Pajarito - Boyacá, Colombia;5,33;-72,75;4;4,5;SGC;5,6;-72,6;30;4.3 Mw;3,366E+15;20;70;146;123;58;24;;;;;;;1,5440e+15;-2,7539e+15;1,2099e+15;-1,6199e+15;-1,0285e+15;1,3900e+15;SWIFT
2016-02-28 05:28:12;Los Santos - Santander, Colombia;6,83;-73,13;150;4,5;SGC;6,8;-73;160;4.9 Mw;2,664E+16;356;79;63;245;29;156;107;28;1;26;-123;49;1,4905E+15;-1,068E+16;9,1881E+15;1,1104E+16;-2,1717E+16;-3,7909E+15;SWIFT
2016-04-22 03:03:52;Pivijay - Magdalena, Colombia;10,5;-74,59;102;1,4;SGC;--0.0;-80,4;5;5.9 Mw;9,434E+17;29;23;96;202;67;87;;;;;;;-1,2596e+17;-5,4895e+17;6,7491e+17;2,6576e+17;6,1404e+17;-2,3658e+17;SWIFT
2016-04-30 16:11:47;Los Santos - Santander, Colombia;6,81;-73,16;146;4,5;SGC;6,8;-73,1;120;5 Mw;3,82E+16;269;88;5;179;85;178;43;2;-71;90;134;5;-1,3274E+15;1,096E+15;2,3149E+14;-3,8013E+16;1,3706E+15;-3,3039E+15;SWIFT
2016-06-23 05:35:38;Los Santos - Santander, Colombia;6,78;-73,16;146;4,5;SGC;6,8;-73,1;170;4.3 Mw;4,023E+15;272;49;-26;20;71;-136;-115;44;38;42;-218;13;1,9347E+15;-1,8824E+14;-1,7464E+15;-2,6612E+15;2,3792E+15;1,6249E+14;SWIFT
2016-07-26 04:32:20;Los Santos - Santander, Colombia;6,8;-73,16;153;4,9;SGC;6,8;-73,1;130;4.6 Mw;9,136E+15;6;67;-21;105;71;-156;-34;30;139;59;-126;2;-1,607E+15;3,9614E+15;-2,3553E+15;7,4349E+15;1,9131E+15;-3,5521E+15;SWIFT
2016-08-26 04:55:15;Los Santos - Santander, Colombia;6,81;-73,14;152;4,5;SGC;6,8;-73,1;130;4.3 Mw;3,476E+15;6;59;-35;116;61;-144;-28;45;-210;44;-120;1;-4,8838E+14;2,2486E+15;-1,7602E+15;2,2045E+15;7,7758E+14;-1,5562E+15;SWIFT
2016-08-28 12:23:32;Rionegro - Santander, Colombia;7,4;-73,13;0;4,3;SGC;7,4;-73,1;5;4.3 Mw;3,104E+15;340;87;-77;84;13;-166;;;;;;;4,8519e+14;-1,6905e+14;-3,1614e+14;6,3576e+14;2,8390e+15;9,9442e+14;SWIFT
2016-09-22 10:42:17;Los Santos - Santander, Colombia;6,82;-73,1;156;5;SGC;6,8;-73,1;150;4.8 Mw;1,992E+16;19;65;32;274;61;151;;;;;;;-1,0283e+16;2,1968e+15;8,0864e+15;1,4554e+16;-8,7399e+15;-4,5413e+15;SWIFT
2016-10-31 00:20:12;Colombia - Huila, Colombia;3,4;-74,64;13;5,3;SGC;3,4;-74,6;45;5.5 Mw;2,401E+17;345;54;62;207;44;123;;;;;;;3,2090e+16;-2,3371e+17;2,0162e+17;2,8570e+16;-4,6130e+16;-8,0953e+16;SWIFT
2016-10-31 02:06:03;Prado - Tolima, Colombia;3,75;-74,82;29;4,2;SGC;3,3;-74,5;40;4.9 Mw;3,186E+16;312;57;36;200;60;141;;;;;;;1,2051e+16;-2,9158e+16;1,7108e+16;-1,0767e+16;5,3357e+15;-1,5054e+16;SWIFT
2016-12-19 21:02:10;Rionegro - Santander, Colombia;7,5;-73,42;118;4,6;SGC;6,9;-73,7;80;4.8 Mw;2,319E+16;212;81;20;119;70;170;;;;;;;-2,0033e+16;1,7582e+16;2,4510e+15;1,0537e+16;8,2035e+15;-1,1064e+15;SWIFT
2016-02-06 12:05:31;Los Santos - Santander, Colombia;6,82;-73,12;153;4,5;SGC;6,825;-73,119;144;4.2 Mw;2.396e+15 ;50;48;20;306;75;136;41;258;44;111;17;4;0.895E+15;-2.239E+15;1.343E+15;-0.985E+15;0.981E+15;-0.05E+15;ISOLA
2016-02-11 07:14:37;Los Santos - Santander, Colombia;6,82;-73,14;154;4,7;SGC;6,818;-73,135;152;4.5 Mw;8.080e+15 ;177;74;42;73;50;159;40;43;46;194;15;300;3.297E+15;0.924E+15;-4.221E+15;0.553E+15;-4.032E+15;-5.827E+15;ISOLA
2016-02-17 14:49:57;San Martín - Meta, Colombia;3,54;-73,13;4;4,2;SGC;3,54;-73,126;29;4.3 Mw;3,373E+15;310;89;-26;41;64;-179;17;358;64;128;19;262;-0.236E+15;3.105E+15;-2.868E+15;1.19E+15;-0.886E+15;0.46E+15;ISOLA
2016-02-28 05:28:12;Los Santos - Santander, Colombia;6,83;-73,13;150;4,5;SGC;6,827;-73,131;160;4.2 Mw;2.233e+15 ;105;65;44;353;51;147;48;326;41;129;8;226;1.018E+15;-0.215E+15;-0.803E+15;1.44E+15;0.807E+15;1.182E+15;ISOLA
2016-03-09 06:27:17;Los Santos - Santander, Colombia;6,84;-73,15;148;4,8;SGC;6,843;-73,147;150;4.7 Mw;1.441e+16 ;130;36;58;347;60;111;68;298;18;156;13;62;1.201E+16;-0.328E+16;-0.873E+16;0.139E+16;0.743E+16;0.591E+16;ISOLA
2016-04-30 16:11:47;Los Santos - Santander, Colombia;6,81;-73,16;146;4,5;SGC;6,808;-73,161;160;4.2 Mw;2.971e+15 ;329;75;-27;67;64;-163;7;20;59;122;30;286;-0.526E+15;2.308E+15;-1.783E+15;-0.107E+15;-1.496E+15;-1.478E+15;ISOLA
2016-12-16 19:45:17;Uribe - Meta, Colombia;3,37;-74,62;39;4,3;SGC;3,431;-74,645;27;4.1 Mw;1,688E+15;23;72;167;117;78;19;22;341;68;148;4;249;0.118E+15;1.134E+15;-1.252E+15;0.645E+15;0.103E+15;0.996E+15;ISOLA
2016-01-01 05:28:57;Los Santos - Santander, Colombia;6,82;-73,15;150,5;4;SGC;;;;;;57+/-8;78+/-7;-42+/-2;158+/-8;49+/-7;-164+/-2;;;;;;;;;;;;;POLARIDADES
2016-01-01 15:45:28;Yacopí - Cundinamarca, Colombia;5,62;-74,37;82,9;3,6;SGC;;;;;;12+/-3;64+/-5;178+/-6;103+/-3;88+/-5;26+/-6;;;;;;;;;;;;;POLARIDADES
2016-01-04 21:05:56;Los Santos - Santander, Colombia;6,78;-73,14;153,2;4,3;SGC;;;;;;28+/-3;47+/-4;-62+/-1;170+/-3;50+/-4;-117+/-1;;;;;;;;;;;;;POLARIDADES
2016-01-24 09:28:53;Los Santos - Santander, Colombia;6,84;-73,16;151,9;4,3;SGC;;;;;;116+/-3;81+/-2;-143+/-3;19+/-3;54+/-2;-11+/-3;;;;;;;;;;;;;POLARIDADES
2016-02-17 14:49:57;San Martín - Meta, Colombia;3,54;-73,13;4,1;4,2;SGC;;;;;;26+/-4;72+/-5;-153+/-8;287+/-4;64+/-5;-20+/-8;;;;;;;;;;;;;POLARIDADES
2016-02-20 09:34:17;Los Santos - Santander, Colombia;6,82;-73,12;148,1;3,7;SGC;;;;;;38+/-11;18+/-15;17+/-6;292+/-11;85+/-15;107+/-6;;;;;;;;;;;;;POLARIDADES
2016-02-24 04:21:05;Los Santos - Santander, Colombia;6,84;-73,12;154,5;3,9;SGC;;;;;;94+/-5;78+/-5;-162+/-4;0+/-5;72+/-5;-13+/-4;;;;;;;;;;;;;POLARIDADES
2016-02-27 16:05:04;Los Santos - Santander, Colombia;6,84;-73,16;142,3;3,8;SGC;;;;;;158+/-10;57+/-6;97+/-5;325+/-10;34+/-6;79+/-5;;;;;;;;;;;;;POLARIDADES
2016-03-09 05:23:56;Los Santos - Santander, Colombia;6,83;-73,16;149,5;4,3;SGC;;;;;;119+/-6;80+/-7;-144+/-5;22+/-6;55+/-7;-12+/-5;;;;;;;;;;;;;POLARIDADES
2016-03-09 06:27:17;Los Santos - Santander, Colombia;6,84;-73,15;148,3;4,8;SGC;;;;;;14+/-3;40+/-6;118+/-7;159+/-3;55+/-6;68+/-7;;;;;;;;;;;;;POLARIDADES
2016-03-13 13:17:46;Uribe - Meta, Colombia;3,5;-74,58;0;4;SGC;;;;;;28+/-5;67+/-13;-172+/-7;295+/-5;83+/-13;-23+/-7;;;;;;;;;;;;;POLARIDADES
2016-03-17 02:20:25;Los Santos - Santander, Colombia;6,81;-73,17;150;4;SGC;;;;;;116+/-4;82+/-3;-130+/-6;17+/-4;41+/-3;-12+/-6;;;;;;;;;;;;;POLARIDADES
2016-04-08 10:47:26;Los Santos - Santander, Colombia;6,83;-73,16;152,9;4,2;SGC;;;;;;117+/-5;81+/-5;-142+/-5;20+/-5;53+/-5;-11+/-5;;;;;;;;;;;;;POLARIDADES
2016-04-20 05:35:25;Los Santos - Santander, Colombia;6,8;-73,14;146,2;4,3;SGC;;;;;;58+/-7;14+/-4;158+/-7;169+/-7;85+/-4;77+/-7;;;;;;;;;;;;;POLARIDADES
2016-04-26 01:50:16;El Carmen - Santander, Colombia;6,56;-73,52;114,2;4,3;SGC;;;;;;36+/-8;34+/-7;15+/-7;293+/-8;82+/-7;123+/-7;;;;;;;;;;;;;POLARIDADES
2016-04-30 16:11:47;Los Santos - Santander, Colombia;6,81;-73,16;145,5;4,5;SGC;;;;;;58+/-15;58+/-5;-142+/-13;306+/-15;59+/-5;-38+/-13;;;;;;;;;;;;;POLARIDADES
2016-05-01 14:28:07;Maripí - Boyacá, Colombia;5,62;-74,05;115,3;3,4;SGC;;;;;;18+/-14;64+/-13;-25+/-7;120+/-14;68+/-13;-152+/-7;;;;;;;;;;;;;POLARIDADES
2016-05-06 13:56:42;El Playón - Santander, Colombia;7,45;-73,18;132,2;4,1;SGC;;;;;;44+/-5;58+/-3;58+/-12;274+/-5;44+/-3;130+/-12;;;;;;;;;;;;;POLARIDADES
2016-05-07 19:05:07;San Joaquín - Santander, Colombia;6,38;-72,91;4;3,9;SGC;;;;;;128+/-10;65+/-8;-22+/-13;228+/-10;70+/-8;-153+/-13;;;;;;;;;;;;;POLARIDADES
2016-05-11 14:46:09;Los Santos - Santander, Colombia;6,81;-73,13;152,5;4,2;SGC;;;;;;138+/-6;43+/-9;-180+/-2;48+/-6;90+/-9;-47+/-2;;;;;;;;;;;;;POLARIDADES
2016-05-12 09:00:41;Los Santos - Santander, Colombia;6,8;-73,14;150,2;3,8;SGC;;;;;;48+/-15;11+/-10;95+/-6;223+/-15;79+/-10;89+/-6;;;;;;;;;;;;;POLARIDADES
2016-05-16 07:23:10;Circasia - Quindío, Colombia;4,57;-75,67;2,7;1,9;SGC;;;;;;110+/-8;50+/-3;-122+/-2;334+/-8;49+/-3;-58+/-2;;;;;;;;;;;;;POLARIDADES
2016-05-20 17:27:31;Los Santos - Santander, Colombia;6,81;-73,14;149,4;3,9;SGC;;;;;;88+/-13;46+/-9;-104+/-4;288+/-13;46+/-9;-76+/-4;;;;;;;;;;;;;POLARIDADES
2016-05-21 21:43:57;Los Santos - Santander, Colombia;6,82;-73,13;149;3,9;SGC;;;;;;82+/-10;47+/-6;-88+/-7;259+/-10;43+/-6;-92+/-7;;;;;;;;;;;;;POLARIDADES
2016-05-31 06:30:23;Los Santos - Santander, Colombia;6,82;-73,17;149,3;4,3;SGC;;;;;;38+/-7;33+/-7;10+/-7;300+/-7;85+/-7;123+/-7;;;;;;;;;;;;;POLARIDADES
2016-06-12 07:00:36;Los Santos - Santander, Colombia;6,82;-73,13;152,7;3,8;SGC;;;;;;27+/-5;19+/-1;78+/-3;220+/-5;71+/-1;94+/-3;;;;;;;;;;;;;POLARIDADES
2016-06-23 05:35:38;Los Santos - Santander, Colombia;6,78;-73,16;146,1;4,5;SGC;;;;;;28+/-8;58+/-8;-125+/-5;261+/-8;46+/-8;-47+/-5;;;;;;;;;;;;;POLARIDADES
2016-06-23 22:28:56;Los Santos - Santander, Colombia;6,82;-73,16;149,1;4,7;SGC;;;;;;31+/-1;51+/-1;18+/-4;289+/-1;76+/-1;140+/-4;;;;;;;;;;;;;POLARIDADES
2016-07-04 02:08:29;Zapatoca - Santander, Colombia;6,84;-73,18;147,2;3,7;SGC;;;;;;61+/-6;37+/-7;156+/-8;171+/-6;76+/-7;55+/-8;;;;;;;;;;;;;POLARIDADES
2016-07-12 23:49:01;Los Santos - Santander, Colombia;6,8;-73,12;146,2;3,8;SGC;;;;;;45+/-7;90+/-2;-162+/-15;315+/-7;72+/-2;0+/-15;;;;;;;;;;;;;POLARIDADES
2016-07-16 22:42:57;Tarazá - Antioquia, Colombia;7,52;-75,57;19,2;3,5;SGC;;;;;;108+/-5;78+/-15;-166+/-5;15+/-5;76+/-15;-12+/-5;;;;;;;;;;;;;POLARIDADES
2016-07-25 03:46:30;Los Santos - Santander, Colombia;6,79;-73,14;149,8;3,8;SGC;;;;;;21+/-6;32+/-8;-2+/-2;113+/-6;89+/-8;-122+/-2;;;;;;;;;;;;;POLARIDADES
2016-07-26 04:32:20;Los Santos - Santander, Colombia;6,8;-73,16;152,9;4,9;SGC;;;;;;108+/-1;51+/-1;-162+/-1;6+/-1;76+/-1;-40+/-1;;;;;;;;;;;;;POLARIDADES
2016-08-05 04:43:06;Yacopí - Cundinamarca, Colombia;5,61;-74,34;88,5;3,9;SGC;;;;;;97+/-6;52+/-4;98+/-4;264+/-6;39+/-4;80+/-4;;;;;;;;;;;;;POLARIDADES
2016-08-07 20:22:23;San Diego - Cesar, Colombia;10,26;-73,16;115,3;2,8;SGC;;;;;;128+/-5;67+/-15;154+/-8;229+/-5;66+/-15;25+/-8;;;;;;;;;;;;;POLARIDADES
2016-08-24 01:02:45;San Juan del Cesar - la Guajira, Colombia;6,8;-73,15;147;2,9;SGC;;;;;;68+/-7;90+/-10;-90+/-6;0+/-7;0+/-10;22+/-6;;;;;;;;;;;;;POLARIDADES
2016-08-24 02:59:22;Toledo - Norte de Santander, Colombia;7,21;-72,19;4,6;3,9;SGC;;;;;;109+/-5;45+/-5;78+/-3;306+/-5;46+/-5;102+/-3;;;;;;;;;;;;;POLARIDADES
2016-08-26 04:55:15;Los Santos - Santander, Colombia;6,81;-73,14;152;4,5;SGC;;;;;;6+/-4;40+/-1;-42+/-3;131+/-4;65+/-1;-122+/-3;;;;;;;;;;;;;POLARIDADES
2016-09-02 04:55:22;Los Santos - Santander, Colombia;6,82;-73,13;152,3;3,9;SGC;;;;;;25+/-7;52+/-6;18+/-14;284+/-7;76+/-6;141+/-14;;;;;;;;;;;;;POLARIDADES
2016-09-03 13:28:46;Valledupar - Cesar, Colombia;9,99;-73,56;95,8;2,1;SGC;;;;;;58+/-14;90+/-4;-122+/-6;328+/-14;32+/-4;0+/-6;;;;;;;;;;;;;POLARIDADES
2016-09-04 06:12:06;El Peñón - Bolívar, Colombia;8,89;-73,94;83;3,5;SGC;;;;;;152+/-5;58+/-4;98+/-2;317+/-5;33+/-4;77+/-2;;;;;;;;;;;;;POLARIDADES
2016-09-05 21:05:38;Los Santos - Santander, Colombia;6,82;-73,08;154;3,5;SGC;;;;;;108+/-13;36+/-15;155+/-7;219+/-13;76+/-15;57+/-7;;;;;;;;;;;;;POLARIDADES
2016-09-13 08:12:15;Los Santos - Santander, Colombia;6,8;-73,13;145,5;4,1;SGC;;;;;;78+/-3;70+/-1;-179+/-2;348+/-3;89+/-1;-20+/-2;;;;;;;;;;;;;POLARIDADES
2016-09-14 19:26:19;Toledo - Norte de Santander, Colombia;7,07;-72,2;4;3,9;SGC;;;;;;104+/-5;60+/-2;138+/-1;218+/-5;55+/-2;38+/-1;;;;;;;;;;;;;POLARIDADES
2016-09-16 02:37:40;Los Santos - Santander, Colombia;6,81;-73,15;152;4,1;SGC;;;;;;15+/-3;46+/-3;-2+/-3;106+/-3;89+/-3;-136+/-3;;;;;;;;;;;;;POLARIDADES
2016-09-18 12:27:45;La Gloria - Cesar, Colombia;8,65;-73,55;109,5;2,4;SGC;;;;;;138+/-2;67+/-4;-82+/-1;298+/-2;24+/-4;-108+/-1;;;;;;;;;;;;;POLARIDADES
2016-09-19 15:10:32;Los Santos - Santander, Colombia;6,83;-73,13;152,1;3,5;SGC;;;;;;88+/-15;28+/-5;93+/-6;265+/-15;62+/-5;88+/-6;;;;;;;;;;;;;POLARIDADES
2016-09-22 04:32:52;Los Santos - Santander, Colombia;6,82;-73,1;151,4;4,2;SGC;;;;;;144+/-7;52+/-3;-142+/-2;28+/-7;61+/-3;-45+/-2;;;;;;;;;;;;;POLARIDADES
2016-09-22 10:42:17;Los Santos - Santander, Colombia;6,82;-73,1;156;5;SGC;;;;;;48+/-7;78+/-8;-2+/-8;138+/-7;88+/-8;-168+/-8;;;;;;;;;;;;;POLARIDADES
2016-09-23 14:17:57;Los Santos - Santander, Colombia;6,83;-73,13;146,6;3,7;SGC;;;;;;59+/-5;73+/-6;-62+/-14;178+/-5;32+/-6;-147+/-14;;;;;;;;;;;;;POLARIDADES
2016-09-27 15:35:53;Los Santos - Santander, Colombia;6,82;-73,14;150,9;3,9;SGC;;;;;;28+/-11;41+/-10;-162+/-12;284+/-11;78+/-10;-50+/-12;;;;;;;;;;;;;POLARIDADES
2016-09-29 14:14:47;Los Santos - Santander, Colombia;6,81;-73,12;150;3,7;SGC;;;;;;55+/-10;38+/-9;118+/-8;201+/-10;57+/-9;70+/-8;;;;;;;;;;;;;POLARIDADES
2016-10-22 02:21:56;Norte Colombia;9,46;-73,03;0;2,2;SGC;;;;;;141+/-3;41+/-2;118+/-1;286+/-3;55+/-2;68+/-1;;;;;;;;;;;;;POLARIDADES
2016-10-24 12:06:13;Los Santos - Santander, Colombia;6,79;-73,15;151,7;4,2;SGC;;;;;;18+/-2;45+/-3;16+/-4;277+/-2;79+/-3;134+/-4;;;;;;;;;;;;;POLARIDADES
2016-10-26 05:32:29;Los Santos - Santander, Colombia;6,81;-73,15;148,3;3,9;SGC;;;;;;30+/-3;40+/-3;138+/-2;155+/-3;65+/-3;58+/-2;;;;;;;;;;;;;POLARIDADES
2016-10-31 02:06:03;Prado - Tolima, Colombia;3,75;-74,82;28,8;4,2;SGC;;;;;;18+/-1;81+/-5;-162+/-9;285+/-1;72+/-5;-9+/-9;;;;;;;;;;;;;POLARIDADES
2016-11-02 06:53:20;Los Santos - Santander, Colombia;6,81;-73,14;151,9;3,8;SGC;;;;;;116+/-7;12+/-8;158+/-6;228+/-7;86+/-8;79+/-6;;;;;;;;;;;;;POLARIDADES
2016-11-06 21:31:01;Los Santos - Santander, Colombia;6,84;-73,12;159,3;4,4;SGC;;;;;;124+/-3;76+/-9;-168+/-10;31+/-3;78+/-9;-14+/-10;;;;;;;;;;;;;POLARIDADES
2016-11-19 16:20:15;Pailitas - Cesar, Colombia;8,89;-73,58;103,2;3,3;SGC;;;;;;3+/-2;81+/-4;-154+/-8;269+/-2;64+/-4;-10+/-8;;;;;;;;;;;;;POLARIDADES
2016-11-24 12:56:23;Los Santos - Santander, Colombia;6,83;-73,15;148,6;3,7;SGC;;;;;;60+/-5;60+/-9;78+/-12;263+/-5;32+/-9;110+/-12;;;;;;;;;;;;;POLARIDADES
2016-11-25 19:21:17;Chiriguaná - Cesar, Colombia;9,44;-73,59;105,9;3,9;SGC;;;;;;77+/-7;89+/-3;-22+/-2;167+/-7;68+/-3;-179+/-2;;;;;;;;;;;;;POLARIDADES
2016-11-25 22:03:53;Los Santos - Santander, Colombia;6,81;-73,16;147;3,5;SGC;;;;;;157+/-4;80+/-1;116+/-14;267+/-4;28+/-1;22+/-14;;;;;;;;;;;;;POLARIDADES
2016-11-26 08:24:49;Los Santos - Santander, Colombia;6,82;-73,16;153,3;3,7;SGC;;;;;;41+/-3;48+/-5;76+/-3;241+/-3;44+/-5;105+/-3;;;;;;;;;;;;;POLARIDADES
2016-11-26 19:32:40;Maripí - Boyacá, Colombia;5,56;-74,07;100,4;4,1;SGC;;;;;;54+/-6;79+/-8;-122+/-4;307+/-6;34+/-8;-20+/-4;;;;;;;;;;;;;POLARIDADES
2016-12-01 04:46:09;Los Santos - Santander, Colombia;6,83;-73,11;150,9;3,5;SGC;;;;;;33+/-3;48+/-5;-162+/-3;291+/-3;77+/-5;-43+/-3;;;;;;;;;;;;;POLARIDADES
2016-12-10 14:57:43;El Peñón - Bolívar, Colombia;8,8;-73,93;82,4;3,8;SGC;;;;;;73+/-5;88+/-3;-43+/-2;165+/-5;47+/-3;-177+/-2;;;;;;;;;;;;;POLARIDADES
2016-12-10 23:50:14;Los Santos - Santander, Colombia;6,86;-73,14;152,7;4,3;SGC;;;;;;28+/-4;48+/-3;-180+/-1;298+/-4;90+/-3;-42+/-1;;;;;;;;;;;;;POLARIDADES
2016-12-13 20:32:20;Los Santos - Santander, Colombia;6,8;-73,12;154;4,4;SGC;;;;;;20+/-1;69+/-3;-43+/-3;128+/-1;50+/-3;-152+/-3;;;;;;;;;;;;;POLARIDADES
2016-12-19 10:24:20;Los Santos - Santander, Colombia;6,82;-73,12;149,8;4,5;SGC;;;;;;18+/-1;41+/-1;58+/-1;238+/-1;56+/-1;115+/-1;;;;;;;;;;;;;POLARIDADES
2016-12-19 21:02:10;Rionegro - Santander, Colombia;7,5;-73,42;117,9;4,6;SGC;;;;;;21+/-2;54+/-3;78+/-6;221+/-2;38+/-3;106+/-6;;;;;;;;;;;;;POLARIDADES
2016-12-24 11:46:41;Los Santos - Santander, Colombia;6,84;-73,13;156,2;4,1;SGC;;;;;;5+/-5;43+/-3;-7+/-5;100+/-5;85+/-3;-133+/-5;;;;;;;;;;;;;POLARIDADES
2016-12-27 03:00:32;Los Santos - Santander, Colombia;6,81;-73,12;154;4,4;SGC;;;;;;66+/-10;57+/-6;-162+/-11;326+/-10;75+/-6;-34+/-11;;;;;;;;;;;;;POLARIDADES
2017-01-01 06:15:18;Los Santos - Santander, Colombia;6,8;-73,16;146,7;3,8;SGC;;;;;;104+/-13;18+/-10;95+/-9;279+/-13;72+/-10;88+/-9;;;;;;;;;;;;;POLARIDADES
2017-02-01 00:18:26;Los Santos - Santander, Colombia;6,77;-73,16;149;4,7;SGC;6,8;-73,1;170;4.5 Mw;7,346E+15;260;74;138;4;50;21;-43;15;62;45;-147;40;-7,3144E+14;-1,8732E+15;2,6049E+15;5,3765E+15;-7,5811E+14;-4,3665E+15;SWIFT
2017-02-06 13:02:44;Colombia - Huila, Colombia;3,4;-74,77;42;5,5;SGC;3,4;-74,8;50;5.4 Mw;1,596E+17;359;56;68;215;40;119;;;;;;;1,6880e+15;-1,3889e+17;1,3720e+17;4,7142e+16;-5,4842e+16;-3,4395e+16;SWIFT
2017-03-21 10:30:19;Barrancabermeja - Santander, Colombia;7,15;-73,92;100;4,6;SGC;7,1;-73,9;90;4.2 Mw;2,679E+15;328;59;-65;106;39;-125;-74;65;134;21;40;10;1,4743E+15;6,6948E+14;-2,1437E+15;1,3888E+15;1,2757E+15;1,0952E+14;SWIFT
2017-04-12 11:28:04;Tona - Santander, Colombia;7,17;-73,03;167;4,9;SGC;7;-73,3;170;4.8 Mw;1,812E+16;199;81;132;299;43;14;-103;23;9;41;-213;39;6,824E+15;-1,1196E+16;4,3724E+15;-8,2084E+15;1,1394E+16;-5,9669E+15;SWIFT
2017-04-14 22:16:07;Sardinata - Norte de Santander, Colombia;8,32;-72,96;186;4,8;SGC;8,6;-72,9;210;4.8 Mw;1,762E+16;306;61;40;194;56;144;;;;;;;4,9411e+15;-1,4546e+16;9,6049e+15;-8,2155e+15;1,7663e+15;-8,7019e+15;SWIFT
2017-04-17 07:49:24;Los Santos - Santander, Colombia;6,79;-73,14;145;4,6;SGC;6,9;-73,1;130;4.6 Mw;1,023E+16;1;53;36;247;62;137;-54;5;40;40;-150;49;-2,3243E+14;-5,5477E+15;5,7799E+15;6,7068E+15;-1,7442E+15;-4,9513E+15;SWIFT
2017-05-27 12:15:48;Los Santos - Santander, Colombia;6,82;-73,14;154;4,9;SGC;6,9;-73,2;140;4.6 Mw;1,061E+16;15;68;-8;108;83;-158;-26;20;124;66;-121;10;-4,87E+15;5,8313E+15;-9,6158E+14;8,1824E+15;-5,1522E+13;-4,0382E+15;SWIFT
2017-07-02 19:26:27;Mesetas - Meta, Colombia;3,51;-74,16;17;4,7;SGC;3,2;-74,1;20;4.9 Mw;3,157E+16;353;57;43;236;55;139;113;1;22;38;-154;52;4,7197E+15;-2,4183E+16;1,9463E+16;1,6334E+16;-7,3684E+15;-1,3515E+16;SWIFT
2017-08-08 20:43:40;Guicán - Boyacá, Colombia;6,59;-72,2;4;4,9;SGC;6,6;-72;5;4.8 Mw;2,345E+16;213;39;-154;102;74;-54;;;;;;;1,5100e+16;-5,0448e+15;-1,0055e+16;-9,9879e+15;-7,1285e+15;-1,4901e+16;SWIFT
2017-09-04 20:28:23;Los Santos - Santander, Colombia;6,83;-73,14;156;5;SGC;6,8;-73,1;160;4.7 Mw;1,252E+16;3;69;-27;103;65;-157;-37;33;147;56;53;2;-1,0782E+15;4,8815E+15;-3,8036E+15;1,0159E+16;4,0089E+15;-4,213E+15;SWIFT
2017-09-13 03:08:04;Bosconia - Cesar, Colombia;10,04;-73,89;2;5;SGC;9,6;-73,2;150;4.7 Mw;1,582E+16;77;82;-24;171;66;-171;31;22;-120;64;125;10;-4,5894E+15;6,3628E+15;-1,7734E+15;-1,3252E+16;-5,6841E+14;-6,4799E+15;SWIFT
2017-09-23 05:17:45;Plato - Magdalena, Colombia;9,75;-74,7;48;4,5;SGC;9,8;-74,7;40;4.3 Mw;3,041E+15;51;87;-14;142;76;-177;5;12;-139;75;97;8;-2,8309E+15;2,9054E+15;-7,4717E+13;-6,7662E+14;3,415E+14;-6,6537E+14;SWIFT
2017-10-01 01:35:25;Cáchira - Norte de Santander, Colombia;7,66;-73,26;138;5,7;SGC;7,6;-73,3;120;5.1 Mw;6,406E+16;11;62;-108;226;33;-60;;;;;;;8,3865e+15;4,2122e+16;-5,0509e+16;-2,5666e+16;3,5216e+16;2,6221e+15;SWIFT
2017-10-14 08:35:43;Norte Colombia;7,38;-72,07;0;4,7;SGC;7,5;-71,9;20;4.8 Mw;1,69E+16;357;51;97;166;40;81;81;5;-187;5;-53;81;-2,1226E+14;-1,6195E+16;1,6408E+16;-2,4488E+15;-3,5507E+15;1,1119E+15;SWIFT
2017-10-26 07:59:30;Valledupar - Cesar, Colombia;10,19;-73,64;75;4,8;SGC;10,2;-73,4;90;4.6 Mw;8,783E+15;356;65;-57;119;41;-139;-48;57;-200;30;62;13;6,7699E+14;5,0291E+15;-5,7063E+15;4,7244E+15;4,7639E+15;-1,7241E+15;SWIFT
2017-11-18 05:54:54;Venezuela;8,48;-71,72;0;5;SGC;8,4;-71,9;15;4.9 Mw;2,414E+16;233;51;97;41;40;81;-42;5;47;5;-175;81;-1,2509E+16;-1,0972E+16;2,3481E+16;1,1964E+16;1,2268E+15;-4,9004E+15;SWIFT
2017-02-01 00:18:26;Los Santos - Santander, Colombia;6,77;-73,16;149;4,7;SGC;6,77;-73,16;146;4.4 Mw;4,5239E+15;111;87;-145;19;55;-3;22;239;55;114;26;341;-1,33973E+14;-2,2969E+15;2,43087E+15;-2,55662E+15;6,30155E+14;-2,81618E+15;SCMTV
2017-02-06 13:02:44;Colombia - Huila, Colombia;3,4;-74,77;42;5,5;SGC;3,4;-74,77;43;5.5 Mw;1,95671E+17;229;48;128;360;54;55;62;210;27;22;3;114;1,563E+17;-1,03E+16;-1,46E+17;-7,66E+16;5,46E+16;-8,07E+16;SCMTV
2017-02-24 10:54:15;Los Santos - Santander, Colombia;6,8;-73,17;150;4,5;SGC;6,8;-73,17;158;4.3 Mw;2,60764E+15;327;69;-30;69;62;-157;4;19;54;115;35;286;-7,53857E+14;2,09847E+15;-1,34461E+15;-2,09346E+14;-1,36847E+15;-1,22202E+15;SCMTV
2017-03-13 07:52:30;Buenavista - Sucre, Colombia;9,28;-74,97;98;3,9;SGC;9,32;-75;72;4.2 Mw;1,89781E+15;319;86;-129;224;39;-6;30;80;39;322;37;195;-1,93E+14;-1,092E+15;1,285E+15;1,03E+15;-1,047E+15;6,4E+13;SCMTV
2017-03-16 15:38:12;Tauramena - Casanare, Colombia;4,84;-72,64;0;4,8;SGC;4,84;-72,64;28;4.8 Mw;1,4157E+16;219;76;-87;26;14;-102;31;306;3;38;59;133;-5,1E+15;5,7E+14;4,53E+15;7,6E+15;9,58E+15;5,24E+15;SCMTV
2017-03-21 10:30:19;Barrancabermeja - Santander, Colombia;7,15;-73,92;100;4,6;SGC;7,15;-73,92;116;4.5 Mw;5,89703E+15;205;27;-81;16;64;-94;19;109;4;18;71;276;-4,81E+15;8,2E+14;4E+15;-7,5E+14;-3,51E+15;1,41E+15;SCMTV
2017-04-12 11:28:04;Tona - Santander, Colombia;7,17;-73,03;167;4,9;SGC;7,17;-73,03;170;4.5 Mw;6,79505E+15;19;84;-110;271;21;-19;36;126;19;21;48;268;-1,59E+15;1,85E+15;-2,5E+14;-1,55E+15;-6,06E+15;2,01E+15;SCMTV
2017-04-14 22:16:07;Sardinata - Norte de Santander, Colombia;8,32;-72,96;186;4,8;SGC;8,32;-72,96;199;4.6 Mw;7,93773E+15;168;52;167;266;80;39;34;135;50;278;19;32;9,2E+14;-1,45E+15;5,3E+14;-4,74E+15;-2,73E+15;5,61E+15;SCMTV
2017-04-17 07:49:24;Los Santos - Santander, Colombia;6,79;-73,14;145;4,6;SGC;6,79;-73,14;135;4.5 Mw;5,55897E+15;356;62;18;257;74;150;32;213;57;51;8;308;2,09E+15;3E+14;-2,39E+15;-2E+15;9E+13;-4,67E+15;SCMTV
2017-05-07 02:10:08;Los Santos - Santander, Colombia;6,8;-73,11;153;4,4;SGC;6,8;-73,11;156;4.1 Mw;1,64372E+15;63;68;-138;314;52;-29;10;186;43;86;45;286;-7,49E+14;1,449E+15;-7E+14;-4,86E+14;-8,68E+14;-3,7E+14;SCMTV
2017-07-02 19:26:27;Mesetas - Meta, Colombia;3,51;-74,16;17;4,7;SGC;3,49;-74,14;34;4.7 Mw;1,27287E+16;109;50;-1;200;89;-140;26;327;50;201;28;72;-3,7E+14;6,22E+15;-5,85E+15;2,6E+15;7,67E+15;7,74E+15;SCMTV
2017-09-04 20:28:23;Los Santos - Santander, Colombia;6,83;-73,14;156;5;SGC;6,83;-73,14;156;4.6 Mw;9,95221E+15;94;76;-149;356;60;-17;11;222;56;116;32;319;-1,81E+15;7E+14;1,12E+15;-5,07E+15;-2,52E+15;-8,03E+15;SCMTV
2017-09-13 03:08:04;Bosconia - Cesar, Colombia;10,04;-73,89;2;5;SGC;9,6;-73,19;137;4.5 Mw;6,17614E+15;278;87;40;186;50;177;29;150;50;281;25;44;2,3E+14;1,07E+15;-1,31E+15;-4,02E+15;8E+13;4,53E+15;SCMTV
2017-09-23 05:17:45;Plato - Magdalena, Colombia;9,75;-74,7;48;4,5;SGC;9,76;-74,7;56;4.4 Mw;3,96445E+15;152;80;-170;60;81;-10;0;106;76;198;14;16;-5E+14;-3,04E+15;3,53E+15;-7,9E+14;1,9E+14;2,02E+15;SCMTV
2017-09-29 22:52:03;Los Santos - Santander, Colombia;6,84;-73,15;155;4,7;SGC;6,84;-73,15;154;4.3 Mw;3,31455E+15;300;72;143;43;55;22;38;256;50;98;11;355;8,1E+14;-2,56E+15;1,76E+15;-8,9E+14;2,09E+15;-8,2E+14;SCMTV
2017-10-01 01:35:25;Cáchira - Norte de Santander, Colombia;7,66;-73,26;138;5,7;SGC;7,66;-73,26;138;5.2 Mw;6,49582E+16;239;32;-44;8;68;-114;20;116;23;18;59;243;-4,08E+16;8,2E+15;3,26E+16;4E+15;-4,4E+16;2,95E+16;SCMTV
2017-10-14 08:35:43;Norte Colombia;7,38;-72,07;0;4,7;SGC;7,38;-72,07;34;4.7 Mw;1,28716E+16;153;46;68;3;48;111;74;345;16;169;1;78;1,206E+16;8E+13;-1,214E+16;3,32E+15;1,08E+15;2,66E+15;SCMTV
2017-10-26 07:59:30;Valledupar - Cesar, Colombia;10,19;-73,64;75;4,8;SGC;10,23;-73,63;85;4.5 Mw;6,91554E+15;111;52;56;339;49;126;64;318;26;134;2;225;5,68E+15;-2,81E+15;-2,88E+15;2,41E+15;1,95E+15;3,74E+15;SCMTV
2017-10-01 01:35:25;Cáchira - Norte de Santander, Colombia;7,66;-73,26;138;5,7;SGC;7,58;-73,25;120,5;5.17 Mww;7.13E+23;1;58;-97;195;32;-78;13;96;6;5;76;250;-0.654E+24;0.045E+24;0.61E+24;0.048E+24;-0.316E+24;0.084E+24;FASE W
2017-11-18 05:54:54;Venezuela;8,48;-71,72;0;5;SGC;8,42;-71,88;11,5;4.84 Mww;"2.33E+23 
 ";58;54;108;209;40;67;74;21;15;227;7;135;0.204E+24;-0.097E+24;-0.107E+24;0.074E+24;0.002E+24;-0.133E+24;FASE W
2017-07-30 05:40:40;Murillo - Tolima, Colombia;4,84;-75,34;4;3,8;SGC;4,828;-75,35;27;4.8 Mw;1.700e+16 ;284;51;67;138;45;116;72;130;18;299;3;30;1.677E+**16;-1.019E+**16;-0.658E+**16;-0.518E+**16;-0.564E+**16;0.402E+**16;ISOLA
2017-08-08 20:43:40;Guicán - Boyacá, Colombia;6,59;-72,2;4;4,9;SGC;6,58;-72,195;8;4.8 Mw;1,92E+16;200;47;-171;104;83;-43;23;160;47;277;34;53;-0.219E+*16;0.797E+*16;-0.579E+*16;-1.162E+*16;0.674E+*16;1.171E+*16;ISOLA
2017-10-26 07:59:30;Valledupar - Cesar, Colombia;10,19;-73,64;75;4,8;SGC;10,233;-73,63;100;4.6 Mw;9.673e+15 ;62;58;21;321;72;146;36;277;53;116;9;14;2.473E+15;-8.207E+15;5.734E+15;-0.497E+15;5.746E+15;2.668E+15;ISOLA
2017-01-01 06:15:18;Los Santos - Santander, Colombia;6,8;-73,16;146,7;3,8;SGC;;;;;;104+/-13;18+/-10;95+/-9;279+/-13;72+/-10;88+/-9;;;;;;;;;;;;;POLARIDADES
2017-01-13 00:31:24;Los Santos - Santander, Colombia;6,8;-73,13;149,1;4,1;SGC;;;;;;38+/-12;71+/-9;158+/-15;135+/-12;69+/-9;20+/-15;;;;;;;;;;;;;POLARIDADES
2017-01-16 21:34:23;Los Santos - Santander, Colombia;6,79;-73,17;146,9;3,6;SGC;;;;;;35+/-6;48+/-5;-162+/-4;293+/-6;77+/-5;-43+/-4;;;;;;;;;;;;;POLARIDADES
2017-01-30 10:28:22;Hato - Santander, Colombia;6,53;-73,36;32;4;SGC;;;;;;18+/-6;88+/-7;-142+/-8;286+/-6;52+/-7;-3+/-8;;;;;;;;;;;;;POLARIDADES
2017-02-01 10:33:39;Los Santos - Santander, Colombia;6,79;-73,16;145,2;3,7;SGC;;;;;;48+/-6;90+/-3;-162+/-5;318+/-6;72+/-3;0+/-5;;;;;;;;;;;;;POLARIDADES
2017-02-01 17:15:00;El Carmen - Norte de Santander, Colombia;8,62;-73,47;130,4;2,8;SGC;;;;;;8+/-8;79+/-8;-180+/-3;278+/-8;90+/-8;-11+/-3;;;;;;;;;;;;;POLARIDADES
2017-02-08 19:41:18;El Peñón - Bolívar, Colombia;8,92;-73,93;87;3,5;SGC;;;;;;71+/-7;88+/-9;-24+/-6;162+/-7;66+/-9;-178+/-6;;;;;;;;;;;;;POLARIDADES
2017-02-14 06:49:48;Los Santos - Santander, Colombia;6,79;-73,16;148;3,4;SGC;;;;;;49+/-13;88+/-5;-165+/-15;318+/-13;75+/-5;-2+/-15;;;;;;;;;;;;;POLARIDADES
2017-02-16 03:04:39;Los Santos - Santander, Colombia;6,82;-73,15;153,1;4;SGC;;;;;;63+/-7;6+/-8;38+/-5;295+/-7;86+/-8;95+/-5;;;;;;;;;;;;;POLARIDADES
2017-02-19 03:37:00;Los Santos - Santander, Colombia;6,82;-73,12;154;3,9;SGC;;;;;;25+/-8;75+/-5;-102+/-3;244+/-8;19+/-5;-52+/-3;;;;;;;;;;;;;POLARIDADES
2017-02-28 09:24:39;Los Santos - Santander, Colombia;6,8;-73,14;152,6;4;SGC;;;;;;54+/-2;87+/-3;-142+/-1;322+/-2;52+/-3;-4+/-1;;;;;;;;;;;;;POLARIDADES
2017-03-04 19:21:22;Cucunubá - Cundinamarca, Colombia;5,26;-73,73;147,2;3,6;SGC;;;;;;148+/-4;67+/-2;78+/-3;357+/-4;26+/-2;116+/-3;;;;;;;;;;;;;POLARIDADES
2017-03-12 23:36:50;Los Santos - Santander, Colombia;6,81;-73,15;149;3,7;SGC;;;;;;132+/-4;68+/-4;-122+/-13;11+/-4;38+/-4;-37+/-13;;;;;;;;;;;;;POLARIDADES
2017-03-17 07:05:17;El Paso - Cesar, Colombia;9,59;-73,76;82;2,4;SGC;;;;;;98+/-15;30+/-10;156+/-7;209+/-15;78+/-10;62+/-7;;;;;;;;;;;;;POLARIDADES
2017-03-22 01:50:08;Los Santos - Santander, Colombia;6,84;-73,17;152,9;3,9;SGC;;;;;;131+/-1;24+/-2;-62+/-2;281+/-1;69+/-2;-102+/-2;;;;;;;;;;;;;POLARIDADES
2017-03-30 22:59:38;San Diego - Cesar, Colombia;10,17;-73,21;132,7;3,4;SGC;;;;;;30+/-2;51+/-2;-82+/-2;197+/-2;40+/-2;-100+/-2;;;;;;;;;;;;;POLARIDADES
2017-04-01 11:44:12;Lenguazaque - Cundinamarca, Colombia;5,25;-73,73;151,3;3,7;SGC;;;;;;59+/-3;47+/-3;-103+/-13;258+/-3;45+/-3;-76+/-13;;;;;;;;;;;;;POLARIDADES
2017-04-01 22:52:44;Los Santos - Santander, Colombia;6,8;-73,14;152;4,2;SGC;;;;;;113+/-5;35+/-4;132+/-5;245+/-5;65+/-4;65+/-5;;;;;;;;;;;;;POLARIDADES
2017-04-08 05:45:31;Simacota - Santander, Colombia;6,47;-73,33;28;3,4;SGC;;;;;;7+/-5;41+/-3;38+/-2;246+/-5;66+/-3;124+/-2;;;;;;;;;;;;;POLARIDADES
2017-04-12 05:07:42;Los Santos - Santander, Colombia;6,83;-73,13;156;4,2;SGC;;;;;;78+/-6;77+/-8;-170+/-6;346+/-6;80+/-8;-13+/-6;;;;;;;;;;;;;POLARIDADES
2017-04-13 22:09:07;Los Santos - Santander, Colombia;6,81;-73,16;142,2;3,7;SGC;;;;;;46+/-3;17+/-6;158+/-3;157+/-3;84+/-6;74+/-3;;;;;;;;;;;;;POLARIDADES
2017-04-14 12:27:14;Los Santos - Santander, Colombia;6,83;-73,12;149,8;3,7;SGC;;;;;;68+/-11;58+/-10;-144+/-7;317+/-11;60+/-10;-38+/-7;;;;;;;;;;;;;POLARIDADES
2017-04-16 21:20:56;Los Santos - Santander, Colombia;6,82;-73,14;147,5;3,6;SGC;;;;;;130+/-4;41+/-5;-82+/-2;299+/-4;49+/-5;-97+/-2;;;;;;;;;;;;;POLARIDADES
2017-04-23 02:58:55;Montenegro - Quindío, Colombia;4,52;-75,78;151,9;4,2;SGC;;;;;;24+/-10;48+/-6;-42+/-10;145+/-10;60+/-6;-130+/-10;;;;;;;;;;;;;POLARIDADES
2017-04-25 10:23:07;Uribe - Meta, Colombia;3,55;-74,4;31;3,4;SGC;;;;;;11+/-6;28+/-15;38+/-2;246+/-6;73+/-15;113+/-2;;;;;;;;;;;;;POLARIDADES
2017-04-26 07:59:42;Los Santos - Santander, Colombia;6,84;-73,14;147;3,9;SGC;;;;;;49+/-3;38+/-6;-22+/-7;157+/-3;77+/-6;-126+/-7;;;;;;;;;;;;;POLARIDADES
2017-04-27 06:13:40;Los Santos - Santander, Colombia;6,82;-73,13;156;3,7;SGC;;;;;;85+/-10;73+/-3;-174+/-10;353+/-10;84+/-3;-17+/-10;;;;;;;;;;;;;POLARIDADES
2017-04-28 02:34:17;Salazar - Norte de Santander, Colombia;7,77;-72,78;0;3,9;SGC;;;;;;110+/-8;82+/-8;-22+/-4;203+/-8;68+/-8;-171+/-4;;;;;;;;;;;;;POLARIDADES
2017-04-28 08:07:02;Los Santos - Santander, Colombia;6,78;-73,14;151,1;4,1;SGC;;;;;;30+/-3;83+/-8;-22+/-15;123+/-3;68+/-8;-172+/-15;;;;;;;;;;;;;POLARIDADES
2017-04-28 23:38:11;San Luis de Gaceno - Boyacá, Colombia;4,9;-73,11;35,2;3,5;SGC;;;;;;24+/-4;65+/-5;138+/-2;135+/-4;53+/-5;32+/-2;;;;;;;;;;;;;POLARIDADES
2017-04-30 15:01:20;Los Santos - Santander, Colombia;6,82;-73,12;147;4,3;SGC;;;;;;0+/-3;19+/-2;98+/-5;172+/-3;71+/-2;87+/-5;;;;;;;;;;;;;POLARIDADES
2017-05-02 11:55:22;La Gloria - Cesar, Colombia;8,76;-73,5;16,6;2,8;SGC;;;;;;62+/-9;10+/-2;-162+/-10;314+/-9;87+/-2;-80+/-10;;;;;;;;;;;;;POLARIDADES
2017-05-11 14:45:16;Villavieja - Huila, Colombia;3,37;-75,11;2,2;3,6;SGC;;;;;;42+/-6;77+/-8;-163+/-10;308+/-6;73+/-8;-14+/-10;;;;;;;;;;;;;POLARIDADES
2017-05-13 03:46:03;Los Santos - Santander, Colombia;6,79;-73,13;148;3,8;SGC;;;;;;38+/-5;69+/-5;38+/-2;292+/-5;55+/-5;154+/-2;;;;;;;;;;;;;POLARIDADES
2017-05-24 00:55:47;Los Santos - Santander, Colombia;6,85;-73,13;153,4;4,3;SGC;;;;;;122+/-4;43+/-5;158+/-2;228+/-4;75+/-5;49+/-2;;;;;;;;;;;;;POLARIDADES
2017-05-25 23:26:00;Los Santos - Santander, Colombia;6,82;-73,13;153,5;3,9;SGC;;;;;;114+/-2;67+/-2;58+/-2;352+/-2;39+/-2;141+/-2;;;;;;;;;;;;;POLARIDADES
2017-05-27 12:15:48;Los Santos - Santander, Colombia;6,82;-73,14;154;4,9;SGC;;;;;;124+/-2;62+/-5;-162+/-1;25+/-2;74+/-5;-29+/-1;;;;;;;;;;;;;POLARIDADES
2017-05-28 12:01:00;Los Santos - Santander, Colombia;6,85;-73,11;146,5;3,8;SGC;;;;;;28+/-6;35+/-10;-162+/-4;283+/-6;80+/-10;-56+/-4;;;;;;;;;;;;;POLARIDADES
2017-06-03 18:02:36;Cucunubá - Cundinamarca, Colombia;5,26;-73,74;152,9;3,5;SGC;;;;;;102+/-3;18+/-7;118+/-3;253+/-3;74+/-7;81+/-3;;;;;;;;;;;;;POLARIDADES
2017-06-09 10:50:38;Los Santos - Santander, Colombia;6,84;-73,12;156,5;4;SGC;;;;;;100+/-5;38+/-7;-150+/-5;346+/-5;72+/-7;-56+/-5;;;;;;;;;;;;;POLARIDADES
2017-06-10 11:40:09;Los Santos - Santander, Colombia;6,84;-73,16;147,8;3,7;SGC;;;;;;15+/-6;25+/-9;22+/-10;265+/-6;81+/-9;113+/-10;;;;;;;;;;;;;POLARIDADES
2017-06-13 01:33:50;Tarazá - Antioquia, Colombia;7,71;-75,53;42,5;3,6;SGC;;;;;;56+/-7;55+/-14;-42+/-5;173+/-7;57+/-14;-137+/-5;;;;;;;;;;;;;POLARIDADES
2017-06-16 06:35:45;Santa Helena del Opón - Santander, Colombia;6,36;-73,6;112,6;3,4;SGC;;;;;;48+/-6;39+/-10;-180+/-10;318+/-6;90+/-10;-51+/-10;;;;;;;;;;;;;POLARIDADES
2017-06-19 16:13:16;Ocaña - Norte de Santander, Colombia;8,21;-73,4;134,6;3,7;SGC;;;;;;37+/-3;70+/-9;-102+/-2;249+/-3;23+/-9;-60+/-2;;;;;;;;;;;;;POLARIDADES
2017-06-30 02:56:45;Los Santos - Santander, Colombia;6,77;-73,14;141,6;3,8;SGC;;;;;;32+/-6;20+/-3;98+/-2;203+/-6;70+/-3;87+/-2;;;;;;;;;;;;;POLARIDADES
2017-07-09 05:56:31;Los Santos - Santander, Colombia;6,83;-73,16;151,8;4,1;SGC;;;;;;127+/-6;78+/-11;-170+/-10;35+/-6;80+/-11;-12+/-10;;;;;;;;;;;;;POLARIDADES
2017-07-15 17:17:51;Los Santos - Santander, Colombia;6,82;-73,13;151,9;3,9;SGC;;;;;;85+/-8;62+/-7;98+/-7;248+/-8;29+/-7;75+/-7;;;;;;;;;;;;;POLARIDADES
2017-07-24 13:25:02;Los Santos - Santander, Colombia;6,82;-73,13;156,1;4,8;SGC;;;;;;30+/-4;68+/-5;-22+/-14;129+/-4;70+/-5;-156+/-14;;;;;;;;;;;;;POLARIDADES
2017-07-25 00:31:02;Chita - Boyacá, Colombia;5,98;-72,41;0;3,5;SGC;;;;;;118+/-12;78+/-7;133+/-4;221+/-12;44+/-7;17+/-4;;;;;;;;;;;;;POLARIDADES
2017-07-26 05:49:30;Cucunubá - Cundinamarca, Colombia;5,26;-73,73;148,5;3,6;SGC;;;;;;1+/-1;90+/-10;-90+/-1;0+/-1;0+/-10;89+/-1;;;;;;;;;;;;;POLARIDADES
2017-07-26 14:39:30;Los Santos - Santander, Colombia;6,84;-73,15;150,8;4,4;SGC;;;;;;0+/-6;58+/-3;-102+/-2;202+/-6;34+/-3;-72+/-2;;;;;;;;;;;;;POLARIDADES
2017-08-04 09:48:57;Los Santos - Santander, Colombia;6,81;-73,15;150,1;3,9;SGC;;;;;;92+/-4;46+/-5;38+/-1;334+/-4;64+/-5;129+/-1;;;;;;;;;;;;;POLARIDADES
2017-08-08 20:43:40;Guicán - Boyacá, Colombia;6,59;-72,2;4,1;4,9;SGC;;;;;;70+/-5;87+/-4;-44+/-2;163+/-5;46+/-4;-176+/-2;;;;;;;;;;;;;POLARIDADES
2017-08-09 02:48:46;El Carmen - Santander, Colombia;6,55;-73,53;110;2,3;SGC;;;;;;108+/-9;73+/-8;-126+/-6;356+/-9;39+/-8;-27+/-6;;;;;;;;;;;;;POLARIDADES
2017-08-12 00:01:27;Los Santos - Santander, Colombia;6,79;-73,12;139,9;3,6;SGC;;;;;;4+/-6;90+/-1;-122+/-5;274+/-6;32+/-1;-0+/-5;;;;;;;;;;;;;POLARIDADES
2017-08-13 11:43:34;Los Santos - Santander, Colombia;6,81;-73,14;153,3;4,1;SGC;;;;;;16+/-3;48+/-4;16+/-3;275+/-3;78+/-4;137+/-3;;;;;;;;;;;;;POLARIDADES
2017-08-13 15:21:53;Venezuela;7,48;-71,98;0;4,3;SGC;;;;;;60+/-5;17+/-3;-94+/-7;244+/-5;73+/-3;-89+/-7;;;;;;;;;;;;;POLARIDADES
2017-08-14 10:58:31;Chipatá - Santander, Colombia;6,05;-73,67;116,8;4,3;SGC;;;;;;156+/-3;71+/-2;78+/-1;9+/-3;22+/-2;121+/-1;;;;;;;;;;;;;POLARIDADES
2017-08-17 21:03:50;Los Santos - Santander, Colombia;6,81;-73,15;152,1;4,3;SGC;;;;;;125+/-3;15+/-9;158+/-1;236+/-3;84+/-9;76+/-1;;;;;;;;;;;;;POLARIDADES
2017-08-22 01:30:07;Altos del Rosario - Bolívar, Colombia;8,66;-74,2;38;2,4;SGC;;;;;;5+/-5;88+/-10;9+/-10;275+/-5;81+/-10;178+/-10;;;;;;;;;;;;;POLARIDADES
2017-08-24 13:32:46;Los Santos - Santander, Colombia;6,82;-73,15;152;3,9;SGC;;;;;;88+/-7;70+/-4;-165+/-9;353+/-7;76+/-4;-21+/-9;;;;;;;;;;;;;POLARIDADES
2017-08-28 04:50:20;Los Santos - Santander, Colombia;6,82;-73,14;143,6;2,5;SGC;;;;;;157+/-10;31+/-7;76+/-8;353+/-10;60+/-7;98+/-8;;;;;;;;;;;;;POLARIDADES
2017-08-30 11:58:26;Los Santos - Santander, Colombia;6,83;-73,12;142,7;2,6;SGC;;;;;;44+/-5;80+/-7;38+/-15;306+/-5;53+/-7;167+/-15;;;;;;;;;;;;;POLARIDADES
2017-08-31 18:47:05;San Juan del Cesar - la Guajira, Colombia;6,86;-73,15;152,2;4,3;SGC;;;;;;0+/-1;61+/-4;158+/-4;101+/-1;71+/-4;31+/-4;;;;;;;;;;;;;POLARIDADES
2017-09-01 19:26:48;Contratación - Santander, Colombia;6,32;-73,5;117,1;2,8;SGC;;;;;;138+/-10;22+/-7;-162+/-6;31+/-10;83+/-7;-69+/-6;;;;;;;;;;;;;POLARIDADES
2017-09-06 18:44:51;Los Santos - Santander, Colombia;6,83;-73,14;144,1;4,1;SGC;;;;;;38+/-10;66+/-9;18+/-5;300+/-10;74+/-9;155+/-5;;;;;;;;;;;;;POLARIDADES
2017-09-13 23:59:36;Los Santos - Santander, Colombia;6,8;-73,12;146;2,5;SGC;;;;;;148+/-10;64+/-4;-62+/-8;278+/-10;37+/-4;-134+/-8;;;;;;;;;;;;;POLARIDADES
2017-09-20 07:43:08;Agustín Codazzi - Cesar, Colombia;9,9;-73,31;121;2,4;SGC;;;;;;148+/-14;58+/-12;-180+/-10;58+/-14;90+/-12;-32+/-10;;;;;;;;;;;;;POLARIDADES
2017-09-26 14:11:01;Colombia - Huila, Colombia;3,39;-74,77;29,7;2,8;SGC;;;;;;40+/-3;22+/-3;78+/-2;233+/-3;69+/-3;95+/-2;;;;;;;;;;;;;POLARIDADES
2017-10-05 15:01:54;Los Santos - Santander, Colombia;6,82;-73,14;148,1;4,1;SGC;;;;;;33+/-3;89+/-1;-122+/-1;301+/-3;32+/-1;-2+/-1;;;;;;;;;;;;;POLARIDADES
2017-10-08 08:39:17;Los Santos - Santander, Colombia;6,83;-73,15;150;3,6;SGC;;;;;;77+/-9;79+/-5;-105+/-7;312+/-9;19+/-5;-37+/-7;;;;;;;;;;;;;POLARIDADES
2017-10-21 08:35:38;Los Santos - Santander, Colombia;6,85;-73,1;153,5;4,2;SGC;;;;;;50+/-5;71+/-4;-42+/-12;156+/-5;51+/-4;-155+/-12;;;;;;;;;;;;;POLARIDADES
2017-10-31 12:16:01;Los Santos - Santander, Colombia;6,8;-73,14;145,4;3,8;SGC;;;;;;105+/-6;86+/-3;-42+/-13;199+/-6;48+/-3;-175+/-13;;;;;;;;;;;;;POLARIDADES
2017-11-01 11:01:33;La Playa - Norte de Santander, Colombia;8,2;-73,26;138,8;3,4;SGC;;;;;;94+/-5;78+/-4;-152+/-9;358+/-5;63+/-4;-14+/-9;;;;;;;;;;;;;POLARIDADES
2017-11-04 23:57:22;Los Santos - Santander, Colombia;6,85;-73,15;150,4;4;SGC;;;;;;30+/-5;25+/-5;38+/-15;265+/-5;75+/-5;110+/-15;;;;;;;;;;;;;POLARIDADES
2017-11-17 08:27:54;Los Santos - Santander, Colombia;6,88;-73,17;147,1;4;SGC;;;;;;136+/-4;53+/-4;53+/-4;7+/-4;50+/-4;129+/-4;;;;;;;;;;;;;POLARIDADES
2017-11-18 01:11:47;El Banco - Magdalena, Colombia;9,02;-73,86;17;2,1;SGC;;;;;;44+/-3;90+/-1;-130+/-6;314+/-3;40+/-1;0+/-6;;;;;;;;;;;;;POLARIDADES
2017-11-23 19:00:00;San Diego - Cesar, Colombia;10,15;-73,2;2;3,9;SGC;;;;;;96+/-9;57+/-5;58+/-9;325+/-9;45+/-5;129+/-9;;;;;;;;;;;;;POLARIDADES
2017-11-24 13:26:44;Los Santos - Santander, Colombia;6,84;-73,14;150,5;4,5;SGC;;;;;;22+/-1;66+/-4;27+/-7;280+/-1;65+/-4;153+/-7;;;;;;;;;;;;;POLARIDADES
2017-11-28 19:55:02;Los Santos - Santander, Colombia;6,81;-73,15;142,6;4,1;SGC;;;;;;20+/-5;25+/-5;75+/-6;216+/-5;66+/-5;97+/-6;;;;;;;;;;;;;POLARIDADES
2017-12-01 09:24:48;Los Santos - Santander, Colombia;6,84;-73,16;147;3,5;SGC;;;;;;86+/-5;58+/-6;-142+/-2;334+/-5;59+/-6;-38+/-2;;;;;;;;;;;;;POLARIDADES
2017-12-23 09:12:09;Los Santos - Santander, Colombia;6,84;-73,14;149,7;3,6;SGC;;;;;;99+/-1;59+/-3;-82+/-2;264+/-1;32+/-3;-103+/-2;;;;;;;;;;;;;POLARIDADES
2017-12-23 09:29:05;Montenegro - Quindío, Colombia;4,55;-75,81;147;3,5;SGC;;;;;;148+/-9;33+/-13;-162+/-13;43+/-9;80+/-13;-58+/-13;;;;;;;;;;;;;POLARIDADES
2017-12-25 14:00:41;Los Santos - Santander, Colombia;6,85;-73,15;147,8;3,5;SGC;;;;;;23+/-2;75+/-3;-24+/-4;120+/-2;67+/-3;-164+/-4;;;;;;;;;;;;;POLARIDADES
2018-01-23 05:31:32;Ayapel - Córdoba, Colombia;8,14;-75,06;9;4,4;SGC;7,8;-75,1;40;4.5 Mw;6,693E+15;13;74;-110;246;25;-40;;;;;;;1,1333e+15;2,1996e+15;-3,3329e+15;-2,7083e+15;5,3389e+15;-5,8502e+14;SWIFT
2018-03-26 08:22:54;Zapatoca - Santander, Colombia;6,81;-73,22;144;3,8;SGC;6,8;-73,1;160;4.3 Mw;3,48E+15;198;85;-15;289;75;-175;-207;13;0;73;-116;6;-1,9533E+15;2,1096E+15;-1,5639E+14;2,6632E+15;-7,5307E+14;5,5262E+14;SWIFT
2018-04-23 15:42:10;Manizales - Caldas, Colombia;5,11;-75,6;117;5,5;SGC;5,2;-75,7;110;5.3 Mw;9,741E+16;28;53;-55;159;49;-127;0;62;-175;27;94;2;-2,0086E+16;9,6787E+16;-7,6701E+16;-6,8431E+15;3,6334E+15;-4,0016E+16;SWIFT
2018-05-20 11:17:41;Los Santos - Santander, Colombia;6,81;-73,17;150;4,9;SGC;6,9;-73,2;170;5.3 Mw;1,235E+17;348;27;149;106;76;66;-146;27;-248;22;-11;53;-2,1773E+16;-2,9689E+16;5,1462E+16;-5,4365E+16;1,6957E+16;1,0004E+17;SWIFT
2018-05-31 03:02:10;Los Santos - Santander, Colombia;6,81;-73,14;149;5,5;SGC;6,8;-73,1;140;4.6 Mw;1,057E+16;359;56;-45;118;54;-136;-33;54;-210;36;58;1;2,1838E+14;6,712E+15;-6,9297E+15;6,3135E+15;2,8719E+15;-4,1297E+15;SWIFT
2018-07-07 00:19:48;Planadas - Tolima, Colombia;3,01;-75,96;0;4,3;SGC;2,9;-76;15;4.3 Mw;3,972E+15;230;86;176;320;86;4;95;0;5;90;-175;5;3,8699E+15;-3,9084E+15;3,856E+13;7,0543E+14;-3,5367E+13;-3,8787E+14;SWIFT
2018-07-19 05:39:33;Colombia - Huila, Colombia;3,45;-74,71;44;5,2;SGC;3,4;-74,7;50;4.8 Mw;2,332E+16;20;61;144;129;59;34;74;1;165;45;-16;44;9,2557E+15;-2,0769E+16;1,1513E+16;-9,0761E+15;-3,8851E+15;1,1023E+16;SWIFT
2018-08-07 15:53:59;Los Santos - Santander, Colombia;6,87;-73,11;150;5,6;SGC;6,9;-73;140;5.4 Mw;1,516E+17;79;85;14;348;76;175;-148;6;99;75;-56;13;-6,1034E+16;5,4667E+16;6,3687E+15;-1,3468E+17;-1,9481E+16;3,3003E+16;SWIFT
2018-12-13 09:28:20;Santa María - Boyacá, Colombia;4,89;-73,28;0;4,5;SGC;5;-73,3;5;4.3 Mw;3,801E+15;73;65;138;184;53;32;130;7;-132;42;33;46;-3,6771E+14;-1,5687E+15;1,9362E+15;2,6839E+15;6,8912E+14;1,8963E+15;SWIFT
2018-04-23 15:42:10;Manizales - Caldas, Colombia;5,11;-75,6;117;5,5;SGC;5,14;-75,64;126;5.4 Mw;1,23817E+17;154;57;-130;31;50;-44;4;271;33;178;56;7;-8,45136E+16;-4,33869E+16;1,279E+17;-4,81233E+16;1,66669E+16;6,72063E+15;SCMTV
2018-05-20 11:17:41;Los Santos - Santander, Colombia;6,81;-73,17;150;4,9;SGC;6,8;-73,16;143;4.5 Mw;7,05399E+15;163;86;27;71;63;175;22;30;63;172;15;294;1,27046E+15;3,2182E+15;-4,48866E+15;6,90187E+14;-2,93474E+15;-4,96087E+15;SCMTV
2018-05-31 03:02:10;Los Santos - Santander, Colombia;6,81;-73,14;149;5,5;SGC;6,83;-73,14;196;5.1 Mw;4,06872E+16;168;80;164;261;74;10;18;124;72;318;4;215;1,78918E+15;-1,45597E+16;1,27706E+16;-4,93288E+15;-1,22452E+16;3,59449E+16;SCMTV
2018-07-19 05:39:33;Colombia - Huila, Colombia;3,45;-74,71;44;5,2;SGC;3,42;-74,68;53;4.9 Mw;2,23161E+16;120;59;44;3;53;140;52;335;38;148;4;240;1,375E+16;1,66E+15;-1,541E+16;1,038E+16;3,16E+15;1,287E+16;SCMTV
2018-07-24 20:15:57;Acacías - Meta, Colombia;4,16;-73,84;12;4,1;SGC;4,13;-73,79;28;4.2 Mw;1,85969E+15;337;89;61;246;29;179;39;220;29;337;38;93;1E+14;4,31E+14;-5,31E+14;-8,98E+14;1,344E+15;-7,79E+14;SCMTV
2018-10-12 04:56:52;Los Santos - Santander, Colombia;6,83;-73,15;143;4,3;SGC;6,83;-73,15;143;4.3 Mw;2,93224E+15;40;88;-108;305;18;-5;41;146;18;40;44;292;-9,93624E+13;8,93791E+14;-7,94429E+14;-1,80554E+15;-2,12337E+15;3,30779E+14;SCMTV
2018-10-23 10:43:40;Los Santos - Santander, Colombia;6,81;-73,14;152;4,2;SGC;6,81;-73,14;145;4.2 Mw;1,80038E+15;88;85;-114;347;25;-12;35;199;24;90;45;334;-2,87862E+14;3,22476E+14;-3,46137E+13;-1,61223E+15;-1,29123E+14;-7,28951E+14;SCMTV
2018-11-05 22:45:00;Manizales - Caldas, Colombia;5,04;-75,48;120;4,1;SGC;5,06;-75,49;120;4.1 Mw;1,57806E+15;318;83;-117;214;28;-15;32;70;27;321;45;200;-2,86985E+14;-6,20121E+14;9,07106E+14;8,19417E+14;-1,04525E+15;-2,85303E+14;SCMTV
2018-11-29 05:31:56;Los Santos - Santander, Colombia;6,84;-73,15;148;4,5;SGC;6,85;-73,16;156;4.5 Mw;5,24483E+15;99;84;-157;6;67;-7;12;231;66;114;21;325;-3,95223E+14;-1,09335E+15;1,48857E+15;-2,11376E+15;-2,51051E+14;-4,60365E+15;SCMTV
2018-12-13 09:28:20;Santa María - Boyacá, Colombia;4,89;-73,28;0;4,5;SGC;4,9;-73,28;16;4.5 Mw;6,72681E+15;270;90;151;0;61;0;20;221;61;90;20;319;9,27368E+14;-7,66114E+14;-1,61254E+14;-3,22334E+15;-9,02085E+14;-5,77146E+15;SCMTV
2018-12-28 08:51:32;Los Santos - Santander, Colombia;6,84;-73,13;149;4,2;SGC;6,84;-73,13;163;4.2 Mw;1,89785E+15;134;67;59;12;38;141;56;4;28;147;17;247;1,09993E+15;3,96313E+14;-1,49624E+15;9,33743E+14;-6,26155E+14;7,31493E+14;SCMTV
2018-01-08 12:58:27;Los Santos - Santander, Colombia;6,84;-73,14;155;5,5;SGC;6,67;-73,06;180,5;4.9 Mww;"2.83E+23
 ";67;88;-25;158;65;-178;16;115;65;243;19;19;0.052E+24;-0.215E+24;0.163E+24;-0.132E+24;0.001E+24;0.171E+24;FASE W
2018-04-23 15:42:10;Manizales - Caldas, Colombia;5,11;-75,6;117;5,5;SGC;5,16;-75,61;120,5;5.32 Mww;"1.19E+24 
 ";25;50;-44;147;58;-131;4;264;34;172;56;1;-0.08E+25;-0.042E+25;0.123E+25;-0.048E+25;0.01E+25;-0.013E+25;FASE W
2018-08-07 15:53:59;Los Santos - Santander, Colombia;6,87;-73,11;150;5,6;SGC;6,87;-73,11;120,5;5.36 Mww;"1.40E+24 
 ";358;70;176;89;86;20;17;315;70;100;11;222;0.02E+25;-0.017E+25;-0.003E+25;0.046E+25;0.002E+25;0.131E+25;FASE W
2018-05-25 12:53:48;Los Santos - Santander, Colombia;6,82;-73,14;149;4,5;SGC;6,833;-73,127;166;4 Mw;1.367e+15 ;32;30;160;139;80;62;47;20;28;145;29;252;2.929E+**14;5.807E+**14;-8.736E+**14;5.059E+**14;-9.295E+**14;3.933E+**14;ISOLA
2018-08-22 13:06:24;Cimitarra - Santander, Colombia;6,22;-74,16;20;4,1;SGC;6,26;-74,12;42;4.2 Mw;2.351e+15 ;312;79;-44;53;47;-165;21;9;45;121;38;262;-0.691E+*15;2.064E+*15;-1.373E+*15;1.041E+*15;-1.034E+*15;-0.251E+*15;ISOLA
2019-01-24 03:04:57;Zapatoca - Santander, Colombia;6,83;-73,18;152;5,4;SGC;6,8;-73,1;160;5 Mw;4,569E+16;352;55;-49;115;52;-133;-38;57;-214;32;54;1;7,3972E+15;2,5006E+16;-3,2403E+16;2,8067E+16;1,4073E+16;-1,5384E+16;SWIFT
2019-01-28 21:07:09;Planadas - Tolima, Colombia;3;-75,96;0;5,6;SGC;3;-75,9;10;5.3 Mw;1,243E+17;219;90;170;309;80;0;-96;6;40;78;-186;6;1,1974E+17;-1,1974E+17;0;-2,5457E+16;1,6768E+16;-1,3586E+16;SWIFT
2019-06-09 19:43:18;Los Santos - Santander, Colombia;6,81;-73,17;152;4,6;SGC;6,2;-73,4;120;4.5 Mw;6,916E+15;261;72;-31;2;61;-159;-141;34;53;55;-47;6;3,9649E+14;1,7055E+15;-2,1018E+15;-5,7064E+15;1,4219E+15;3,0825E+15;SWIFT
2019-10-26 01:01:26;Ciudad Bolívar - Antioquia, Colombia;5,83;-75,98;45;4,6;SGC;5,8;-75,8;55;4.9 Mw;3,021E+16;325;47;-73;121;46;-107;-48;78;133;12;42;0;1,5552E+16;1,3268E+16;-2,882E+16;1,5751E+16;5,1055E+15;-3,7793E+15;SWIFT
2019-12-24 19:03:52;Mesetas - Meta, Colombia;3,45;-74,19;9;5,9;SGC;3,5;-74,2;15;5.9 Mw;7,931E+17;211;78;152;307;63;14;-99;9;7;59;-194;28;5,6009E+17;-7,153E+17;1,5521E+17;-2,6363E+17;2,1112E+17;-3,0035E+17;SWIFT
2019-12-24 19:19:04;Mesetas - Meta, Colombia;3,47;-74,24;12;5,8;SGC;3,4;-74,2;20;5.7 Mw;4,526E+17;198;85;160;290;70;5;-114;10;4;70;-207;17;2,4997E+17;-2,7532E+17;2,5355E+16;-3,3271E+17;1,3456E+17;-8,1151E+16;SWIFT
2019-12-25 00:25:00;Mesetas - Meta, Colombia;3,44;-74,16;17;4,4;SGC;3,4;-74,1;10;4.3 Mw;3,905E+15;237;73;176;328;86;17;101;9;-19;71;-167;15;3,3036E+15;-3,4626E+15;1,5889E+14;1,5616E+15;-8,2083E+14;-8,2005E+14;SWIFT
2019-12-25 02:11:22;Mesetas - Meta, Colombia;3,43;-74,16;10;4,9;SGC;3,3;-74,1;10;4.7 Mw;1,461E+16;244;77;167;337;77;13;110;0;20;71;-160;18;9,7668E+15;-1,1207E+16;1,4407E+15;9,1079E+15;-1,5837E+15;-4,0587E+15;SWIFT
2019-12-25 10:25:54;Mesetas - Meta, Colombia;3,44;-74,16;4;4,3;SGC;3,4;-74,2;5;4 Mw;1,435E+15;38;80;158;132;68;11;86;8;-165;65;-6;22;1,2017E+15;-1,3855E+15;1,8382E+14;-2,2773E+14;-2,5586E+14;4,9307E+14;SWIFT
2019-12-25 10:39:55;Mesetas - Meta, Colombia;3,49;-74,23;10;3,9;SGC;3,3;-74,3;10;4.3 Mw;3,178E+15;197;80;-19;291;71;-169;-206;21;-9;68;-116;5;-1,6484E+15;2,0215E+15;-3,7342E+14;2,3168E+15;-7,7702E+14;8,1007E+14;SWIFT
2019-12-26 03:48:28;Mesetas - Meta, Colombia;3,47;-74,23;13;4,7;SGC;3,5;-74,2;5;4.5 Mw;6,818E+15;227;64;179;317;89;26;88;17;-41;64;-176;18;6,0639E+15;-6,1682E+15;1,0432E+14;3,754E+14;-2,1115E+15;-2,1156E+15;SWIFT
2019-12-26 05:03:56;Mesetas - Meta, Colombia;3,43;-74,2;18;4;SGC;3,5;-74,2;5;3.9 Mw;7,558E+14;219;90;-178;129;88;0;84;1;-146;90;-5;1;7,3887E+14;-7,3887E+14;0;-1,5706E+14;-2,0497E+13;1,6597E+13;SWIFT
2019-12-26 10:52:19;Mesetas - Meta, Colombia;3,41;-74,17;15;4,3;SGC;3,5;-74,2;5;4.2 Mw;2,645E+15;228;79;-177;137;87;-11;91;9;-59;78;-178;5;2,6111E+15;-2,5582E+15;-5,2741E+13;2,0718E+14;-4,597E+14;-2,4294E+14;SWIFT
2019-12-26 22:07:47;Mesetas - Meta, Colombia;3,42;-74,17;16;4;SGC;3,5;-74,2;5;3.8 Mw;6,546E+14;222;86;-176;132;86;-4;87;5;-95;90;-2;0;6,5067E+14;-6,4432E+14;-6,3549E+12;-7,122E+13;-6,4085E+13;-3,5944E+12;SWIFT
2019-12-27 03:20:38;Mesetas - Meta, Colombia;3,42;-74,15;0;4,5;SGC;3,5;-74,2;5;4.3 Mw;3,544E+15;233;69;-173;140;83;-21;94;19;-57;68;-172;9;3,3611E+15;-3,0539E+15;-3,0726E+14;7,2156E+14;-1,2032E+15;-4,834E+14;SWIFT
2019-01-22 11:10:32;Los Santos - Santander, Colombia;6,82;-73,15;148;4,2;SGC;6,84;-73,16;155;4.2 Mw;2,38779E+15;203;7;-73;6;83;-92;38;98;2;7;52;274;-5,58866E+14;1,50732E+13;5,43793E+14;-2,48514E+14;-2,30512E+15;1,48523E+14;SCMTV
2019-01-24 03:04:57;Zapatoca - Santander, Colombia;6,83;-73,18;152;5,4;SGC;6,86;-73,16;155;4.9 Mw;2,61863E+16;114;64;-167;19;78;-27;10;69;61;177;27;334;-8,29388E+14;-1,40994E+16;1,49288E+16;-1,14036E+16;-8,70813E+15;-1,63913E+16;SCMTV
2019-01-28 21:07:09;Planadas - Tolima, Colombia;3;-75,96;0;5,6;SGC;3,04;-75,92;11;5.4 Mw;1,33165E+17;137;77;15;43;76;167;19;0;71;178;1;270;2,02562E+16;1,16116E+17;-1,36373E+17;3,85094E+16;-2,10417E+15;-7,65072E+13;SCMTV
2019-02-06 00:34:23;Los Santos - Santander, Colombia;6,82;-73,13;144;4,2;SGC;6,87;-73,13;146;4.0 Mw;1,0503E+15;125;38;58;343;58;112;68;299;19;151;11;57;9,1486E+14;-3,38167E+14;-5,76693E+14;1,36676E+14;5,06017E+14;4,31782E+14;SCMTV
2019-02-10 02:21:47;Villamaria - Caldas, Colombia;4,92;-75,5;138;4,1;SGC;4,92;-75,5;130;4.1 Mw;1,44243E+15;203;39;-70;358;54;-105;8;99;12;7;75;219;-1,36463E+15;6,56578E+13;1,29897E+15;2,74998E+14;-4,15261E+14;2,35834E+14;SCMTV
2019-03-06 01:48:08;Barranquilla - Atlántico, Colombia;10,96;-74,76;10;4,3;SGC;10,96;-74,76;24;4.3 Mw;2,63478E+15;109;72;60;350;35;146;54;342;28;119;21;221;1,37666E+15;-4,63285E+14;-9,13376E+14;1,86598E+15;-1,89413E+14;1,39723E+15;SCMTV
2019-05-25 15:13:37;Los Santos - Santander, Colombia;6,81;-73,12;145;4,8;SGC;6,81;-73,12;143;4.3 Mw;3,41844E+15;307;58;-13;44;79;-148;13;172;56;61;31;270;-1,81086E+14;2,70287E+15;-2,52178E+15;-4,15914E+14;-2,14184E+15;2,76553E+14;SCMTV
2019-06-09 19:43:18;Los Santos - Santander, Colombia;6,81;-73,17;152;4,6;SGC;6,87;-73,15;137;4.5 Mw;5,09704E+15;168;70;35;65;57;156;39;31;50;194;8;294;1,70248E+15;1,41465E+15;-3,11712E+15;2,21394E+15;-1,99474E+15;-3,1291E+15;SCMTV
2019-06-16 16:18:36;Los Santos - Santander, Colombia;6,82;-73,15;143;4,6;SGC;6,82;-73,15;150;4.3 Mw;3,17486E+15;313;76;-172;221;83;-15;5;268;74;14;15;176;3,54993E+14;-3,13159E+15;2,7766E+15;1,03783E+15;2,52237E+14;-3,43224E+14;SCMTV
2019-07-13 02:39:02;La Paz - Cesar, Colombia;10,15;-73,12;131;4,8;SGC;10,18;-73,13;141;4.9 Mw;2,09283E+16;160;83;169;251;79;7;12;115;77;310;3;206;-1,40908E+15;-1,21084E+16;1,35175E+16;-1,35148E+15;-5,07844E+15;1,56434E+16;SCMTV
2019-09-22 00:36:44;Los Santos - Santander, Colombia;6,82;-73,12;153;5,2;SGC;6,84;-73,16;146;4.8 Mw;1,69248E+16;142;67;-164;46;76;-24;6;96;63;197;27;3;-4,57866E+15;-1,2824E+16;1,74027E+16;-5,79062E+15;-1,6764E+15;2,44379E+15;SCMTV
2019-11-10 09:50:57;Supia - Caldas, Colombia;5,39;-75,64;108;3,9;SGC;5,39;-75,64;135;4.2 Mw;2,10027E+15;198;45;-89;17;45;-91;0;108;1;18;89;220;-2,10637E+15;2,0778E+14;1,89859E+15;1,45998E+13;-2,22427E+13;6,06705E+14;SCMTV
2019-12-24 19:19:04;Mesetas - Meta, Colombia;3,47;-74,24;12;5,8;SGC;3,37;-74,26;16;5.8 Mw;5,3228E+17;290;75;3;199;87;165;13;154;74;10;9;246;4,89435E+16;3,04012E+17;-3,52955E+17;-5,46545E+16;-1,27057E+17;3,93057E+17;SCMTV
2019-12-24 20:11:14;Mesetas - Meta, Colombia;3,46;-74,21;14;4,3;SGC;3,45;-74,2;14;4.3 Mw;2,53125E+15;128;83;27;34;63;172;24;355;62;142;14;258;4,76566E+14;1,89746E+15;-2,37402E+15;9,05015E+14;-5,83851E+14;7,18026E+14;SCMTV
2019-12-25 00:12:06;Mesetas - Meta, Colombia;3,42;-74,15;16;3,9;SGC;3,42;-74,18;16;3.9 Mw;7,6007E+14;308;88;-26;39;64;-177;16;356;64;123;20;260;-5,26389E+13;6,90598E+14;-6,37959E+14;2,58325E+14;-2,06973E+14;1,5746E+14;SCMTV
2019-12-25 00:25:00;Mesetas - Meta, Colombia;3,44;-74,16;17;4,4;SGC;3,43;-74,15;17;4.4 Mw;4,32741E+15;142;78;22;47;69;167;24;6;65;170;6;273;4,3192E+14;3,64079E+15;-4,07272E+15;1,74306E+15;-5,65323E+14;-5,95113E+14;SCMTV
2019-12-25 02:11:22;Mesetas - Meta, Colombia;3,43;-74,16;10;4,9;SGC;3,46;-74,14;10;4.7 Mw;1,22579E+16;342;73;6;251;84;163;16;205;72;52;8;298;2,60613E+15;5,57484E+15;-8,18097E+15;-3,07676E+15;-7,9432E+14;-9,36798E+15;SCMTV
2019-12-25 10:25:54;Mesetas - Meta, Colombia;3,44;-74,16;4;4,3;SGC;3,43;-74,19;10;4.1 Mw;1,31831E+15;303;84;-18;35;72;-173;8;350;71;104;17;257;-1,67948E+14;1,23804E+15;-1,07009E+15;2,71641E+14;-2,91429E+14;4,75607E+14;SCMTV
2019-12-25 10:39:55;Mesetas - Meta, Colombia;3,49;-74,23;10;3,9;SGC;3,46;-74,21;18;3.9 Mw;8,25725E+14;323;87;0;233;90;177;2;188;87;47;2;278;-4,43426E+13;8,13455E+14;-7,69112E+14;-3,72544E+13;-1,81776E+13;-2,29126E+14;SCMTV
2019-12-26 03:48:28;Mesetas - Meta, Colombia;3,47;-74,23;13;4,7;SGC;3,43;-74,18;19;4.6 Mw;8,10889E+15;133;84;24;40;66;173;21;359;65;147;12;264;9,09752E+14;6,87496E+15;-7,78471E+15;2,80448E+15;-1,6661E+15;8,75123E+14;SCMTV
2019-12-26 05:03:56;Mesetas - Meta, Colombia;3,43;-74,2;18;4;SGC;3,42;-74,19;18;4.0 Mw;1,14741E+15;309;90;-18;39;72;-180;13;355;72;128;13;262;1,05745E+14;1,0043E+15;-1,11004E+15;2,42035E+14;-2,69019E+14;2,44164E+14;SCMTV
2019-12-26 10:52:19;Mesetas - Meta, Colombia;3,41;-74,17;15;4,3;SGC;3,42;-74,18;15;4.3 Mw;3,37447E+15;143;82;25;50;65;171;23;9;64;159;12;274;4,8928E+14;2,72407E+15;-3,21335E+15;1,07771E+15;-9,01645E+14;-6,47972E+14;SCMTV
2019-12-26 22:07:47;Mesetas - Meta, Colombia;3,42;-74,17;16;4;SGC;3,43;-74,18;16;4.0 Mw;9,09824E+14;133;83;25;39;65;172;23;359;64;148;12;263;1,37309E+14;7,44149E+14;-8,81458E+14;3,17191E+14;-1,90893E+14;1,26248E+14;SCMTV
2019-12-27 03:20:38;Mesetas - Meta, Colombia;3,42;-74,15;0;4,5;SGC;3,41;-74,14;16;4.4 Mw;4,72459E+15;142;83;32;48;58;172;27;10;57;153;17;271;6,03401E+14;3,63309E+15;-4,23649E+15;1,8266E+15;-1,65452E+15;-7,01549E+14;SCMTV
2019-01-24 03:04:57;Zapatoca - Santander, Colombia;6,83;-73,18;152;5,4;SGC;6,83;-73,03;180,5;4.96 Mww;"3.48E+23 
 ";23;71;-39;128;53;-156;11;79;47;181;40;339;-0.15E+24;-0.174E+24;0.324E+24;-0.11E+24;-0.127E+24;-0.128E+24;FASE W
2019-01-28 21:07:09;Planadas - Tolima, Colombia;3;-75,96;0;5,6;SGC;3,04;-76,02;11,5;5.43 Mww;1.73E+24;39;81;-149;303;60;-11;14;167;58;54;28;265;-0.042E+25;0.162E+25;-0.121E+25;-0.044E+25;-0.068E+25;0.051E+25;FASE W
2019-01-28 21:07:09;Planadas - Tolima, Colombia;3;-75,96;0;5,6;SGC;3,04;-75,92;9;5.4 Mw;1.636e+17 ;41;76;177;132;87;14;12;358;76;145;8;266;0.024E+17;1.563E+17;-1.587E+17;0.357E+17;-0.193E+17;0.176E+17;ISOLA
2019-12-12 00:09:02;Planadas - Tolima, Colombia;3,08;-75,91;12;4,6;SGC;3,08;-75,91;10;3.8 Mw;6.150e+14 ;306;72;-31;47;60;-159;8;358;54;99;35;263;-2.023E+*14;6.099E+*14;-4.077E+*14;1.175E+*14;-2.658E+*14;0.652E+*14;ISOLA
2019-12-24 19:03:52;Mesetas - Meta, Colombia;3,45;-74,19;9;5,9;SGC;;;;5.9 Mw;8,588E+17;212;70;152;312;64;22;;;;;;;321.73E+**15;548.3E+**15;-895.42E+**15;-275.25E+**15;-126.89E+**15;206.56E+**15;ISOLA
2020-01-04 13:52:56;Los Santos - Santander, Colombia;6,84;-73,15;151;4,8;SGC;6,8;-73,3;150;4.5 Mw;8,357E+15;2;84;-4;92;86;-174;-42;6;124;81;-133;1;-5,7822E+14;6,994E+14;-1,2118E+14;8,2667E+15;5,3944E+14;-8,9086E+14;SWIFT
2020-01-14 17:57:09;Los Santos - Santander, Colombia;6,82;-73,15;150;4,7;SGC;6,9;-73,1;160;4.6 Mw;1,033E+16;11;90;-30;101;60;-180;-38;20;-168;60;59;20;-3,3511E+15;3,3511E+15;-451520000;8,295E+15;5,07E+15;-9,8548E+14;SWIFT
2020-02-01 10:26:52;Zapatoca - Santander, Colombia;6,84;-73,19;149;4,6;SGC;6,9;-73,2;170;4.3 Mw;4,068E+15;0;71;-26;99;66;-159;-41;31;146;58;50;3;0;1,098E+15;-1,098E+15;3,457E+15;1,4051E+15;-1,1903E+15;SWIFT
2020-03-28 05:55:10;Los Santos - Santander, Colombia;6,81;-73,16;149;5,1;SGC;6,9;-73,1;140;4.7 Mw;1,584E+16;71;84;-163;339;73;-6;-64;16;88;71;-157;8;1,0199E+16;-9,2727E+15;-9,2585E+14;1,1505E+16;2,932E+15;-3,8079E+15;SWIFT
2020-04-02 03:15:53;Betania - Antioquia, Colombia;5,71;-75,94;97;4,9;SGC;5,6;-76;100;4.7 Mw;1,651E+16;16;51;-98;209;40;-80;-114;81;21;6;111;5;2,1612E+15;1,383E+16;-1,5992E+16;-5,7521E+15;3,6669E+15;4,5303E+14;SWIFT
2020-04-15 10:59:30;Pinillos - Bolívar, Colombia;9,02;-74,49;50;5,8;SGC;9;-74,4;50;5.8 Mw;6,837E+17;357;70;-93;186;20;-82;-96;64;-1;2;89;24;-2,0114E+15;4,3723E+17;-4,3518E+17;-1,3407E+16;5,2515E+17;3,4711E+16;SWIFT
2020-04-18 13:41:40;Los Santos - Santander, Colombia;6,81;-73,15;139;4,8;SGC;6,9;-73,1;150;4.3 Mw;4,145E+15;235;75;-21;331;70;-164;-168;25;20;64;-77;3;-3,0142E+15;3,7566E+15;-7,4278E+14;-1,6273E+15;8,2568E+13;1,6282E+15;SWIFT
2020-04-25 15:30:55;Monterrey - Casanare, Colombia;5;-72,86;16;4,6;SGC;5;-72,8;45;4.2 Mw;2,972E+15;351;36;41;226;67;119;-66;16;34;26;175;58;3,5783E+14;-2,2278E+15;1,8697E+15;9,8076E+14;8,494E+14;-1,6899E+15;SWIFT
2020-05-12 06:48:41;Zapatoca - Santander, Colombia;6,83;-73,18;147;4,6;SGC;6,8;-73,2;150;4.2 Mw;2,185E+15;300;61;132;58;49;40;1;6;96;36;-97;53;-2,1402E+15;7,6322E+14;1,377E+15;4,3088E+13;-1,044E+15;-3,9068E+14;SWIFT
2020-07-09 03:22:52;Zapatoca - Santander, Colombia;6,81;-73,21;150;5,3;SGC;6,8;-73,1;160;4.8 Mw;2,099E+16;219;88;37;128;53;178;-12;24;-138;53;89;26;-1,6693E+16;1,5988E+16;7,0421E+14;3,711E+15;1,0073E+16;-7,6131E+15;SWIFT
2020-07-19 19:26:04;Los Santos - Santander, Colombia;6,8;-73,14;149;4,9;SGC;6,8;-73,1;170;4.7 Mw;1,384E+16;78;62;153;182;66;31;-51;2;-143;51;41;38;-7,6245E+14;-4,5354E+15;5,2966E+15;1,0996E+16;4,9353E+15;4,6558E+15;SWIFT
2020-07-21 21:40:12;Piedecuesta - Santander, Colombia;7,02;-73,07;164;4,6;SGC;7,1;-73;180;4.7 Mw;1,352E+16;27;72;158;124;69;19;76;2;170;61;-15;28;9,0408E+15;-1,1987E+16;2,9447E+15;-5,8366E+15;-1,9685E+15;5,2742E+15;SWIFT
2020-07-22 19:21:58;Zapatoca - Santander, Colombia;6,81;-73,18;150;4,8;SGC;6,8;-73,1;160;4.4 Mw;4,566E+15;6;66;-2;97;88;-156;-36;18;101;65;-131;15;-8,8078E+14;1,0105E+15;-1,2954E+14;4,0605E+15;-8,1275E+13;-1,8565E+15;SWIFT
2020-08-14 02:34:38;Acacías - Meta, Colombia;4,13;-73,81;1;4,2;SGC;4,1;-73,7;15;4.2 Mw;2,645E+15;261;55;-171;166;83;-35;117;29;-24;54;-142;18;1,031E+15;-6,6416E+14;-3,6713E+14;1,9848E+15;-1,4923E+15;-9,9902E+13;SWIFT
2020-09-04 04:58:19;Los Santos - Santander, Colombia;6,82;-73,16;149;4,6;SGC;6,9;-73,1;180;4.4 Mw;4,727E+15;80;57;161;181;74;35;-53;10;-157;52;45;35;-1,3032E+14;-1,3065E+15;1,4365E+15;3,7447E+15;2,3176E+15;1,0272E+15;SWIFT
2020-09-29 22:05:36;Puerto Gaitán - Meta, Colombia;3,92;-71,49;-2;4,6;SGC;3,9;-71,2;5;4.1 Mw;1,927E+15;270;67;123;31;39;38;-23;16;75;29;-137;55;-1,1516E+15;-8,8642E+12;1,1604E+15;9,6099E+14;-3,9638E+14;-1,1387E+15;SWIFT
2020-10-04 21:32:02;Puerto Gaitán - Meta, Colombia;3,91;-71,46;0;4;SGC;3,9;-71,2;5;4 Mw;1,13E+15;274;63;-59;41;40;-135;-130;59;78;27;-17;12;8,5202E+14;-6,8354E+13;-7,8366E+14;-4,5901E+14;3,0329E+14;5,4952E+14;SWIFT
2020-10-29 03:57:38;Los Santos - Santander, Colombia;6,8;-73,19;143;4,6;SGC;6,8;-73,1;160;4.4 Mw;4,798E+15;265;48;-35;20;65;-132;-118;50;40;37;-221;9;2,209E+15;5,2778E+14;-2,7368E+15;-3,1139E+15;2,5948E+15;5,1578E+14;SWIFT
2020-11-20 00:56:59;Zapatoca - Santander, Colombia;6,83;-73,23;152;4,7;SGC;6,8;-73,2;150;4.4 Mw;4,296E+15;311;52;141;67;60;45;-173;4;93;37;-75;52;-4,0992E+15;1,4761E+15;2,6231E+15;-9,3266E+14;-1,9805E+15;8,549E+14;SWIFT
2020-12-12 01:07:28;Villa Caro - Norte de Santander, Colombia;7,87;-72,97;184;4,5;SGC;8;-72,7;190;4.3 Mw;3,749E+15;264;34;-68;58;59;-104;-66;71;65;12;-201;12;3,0086E+15;2,032E+14;-3,2118E+15;-1,1026E+15;1,3013E+15;-1,2008E+15;SWIFT
2020-12-16 23:32:29;Zapatoca - Santander, Colombia;6,81;-73,21;147;5;SGC;6,8;-73,1;160;4.6 Mw;1,076E+16;209;85;34;116;56;174;-22;19;-143;56;77;27;-7,7816E+15;6,7368E+15;1,0448E+15;5,1519E+15;5,5597E+15;-2,1929E+15;SWIFT
2020-01-04 13:52:56;Los Santos - Santander, Colombia;6,84;-73,15;151;4,8;SGC;6,86;-73,17;157;4.5 Mw;6,45366E+15;117;80;-153;22;64;-11;11;247;61;136;26;342;-1,21825E+15;-3,64186E+15;4,8601E+15;-2,74299E+15;4,81255E+14;-3,8354E+15;SCMTV
2020-02-01 10:26:52;Zapatoca - Santander, Colombia;6,84;-73,19;149;4,6;SGC;6,81;-73,2;150;4.3 Mw;2,84437E+15;92;77;-160;358;71;-13;5;224;67;124;23;316;-2,73073E+14;1,0939E+14;1,63683E+14;-9,47257E+14;-6,20956E+14;-2,59825E+15;SCMTV
2020-02-14 01:29:42;El Peñón - Santander, Colombia;6,09;-73,94;11;4,1;SGC;6,07;-73,94;49;4.3 Mw;2,82973E+15;257;62;140;8;55;34;47;219;43;48;4;314;1,55145E+15;-5,86817E+14;-9,64632E+14;-1,04783E+15;5,30004E+14;-2,18806E+15;SCMTV
2020-02-21 12:35:44;Los Santos - Santander, Colombia;6,81;-73,09;156;4,5;SGC;6,81;-73,09;141;4.4 Mw;3,69233E+15;129;78;-150;32;61;-14;11;258;58;149;29;354;-6,39452E+14;-2,63666E+15;3,27611E+15;-1,83353E+15;4,70377E+14;-1,00164E+15;SCMTV
2020-03-28 05:55:10;Los Santos - Santander, Colombia;6,81;-73,16;149;5,1;SGC;6,81;-73,14;140;4.7 Mw;1,072E+16;330;70;-25;69;67;-158;2;20;58;114;32;289;-2,76706E+15;8,44873E+15;-5,68167E+15;-1,25627E+15;-4,80373E+15;-5,88266E+15;SCMTV
2020-04-11 03:34:45;Cimitarra - Santander, Colombia;6,52;-74,11;10;3,7;SGC;6,52;-74,09;46;4.0 Mw;9,86422E+14;178;65;101;334;27;69;69;109;10;354;19;260;8,23834E+14;-1,83528E+14;-6,40306E+14;-1,04334E+14;-6,13531E+14;1,56633E+14;SCMTV
2020-04-12 02:41:46;Los Santos - Santander, Colombia;6,82;-73,17;143;4,8;SGC;6,81;-73,17;166;4.4 Mw;4,28101E+15;345;55;-175;252;86;-35;21;304;54;66;27;202;-6,04617E+14;-1,53274E+15;2,13736E+15;2,23537E+15;8,89354E+14;2,9829E+15;SCMTV
2020-04-15 10:59:30;Pinillos - Bolívar, Colombia;9,02;-74,49;50;5,8;SGC;9,04;-74,49;50;5.8 Mw;4,49643E+17;180;21;-95;5;69;-88;24;94;2;184;66;278;-2,94E+17;-5E+15;2,99E+17;-3,4E+16;-3,36E+17;1,4E+16;SCMTV
2020-04-17 04:49:47;Pinillos - Bolívar, Colombia;9,02;-74,46;52;4,3;SGC;9,02;-74,46;57;4.4 Mw;4,04466E+15;346;79;-135;245;46;-15;21;109;44;357;39;217;-1,01812E+15;-1,1394E+15;2,15751E+15;1,35681E+15;-2,44955E+15;2,24125E+15;SCMTV
2020-05-12 06:48:41;Zapatoca - Santander, Colombia;6,83;-73,18;147;4,6;SGC;6,83;-73,18;142;4.3 Mw;2,7621E+15;51;59;36;300;60;143;46;266;44;86;0;356;1,45959E+15;-2,79085E+15;1,33127E+15;-1,12608E+14;1,29507E+15;-3,05874E+14;SCMTV
2020-05-19 15:04:29;Los Santos - Santander, Colombia;6,83;-73,15;152;4,2;SGC;6,82;-73,15;164;4.1 Mw;1,45794E+15;88;62;154;191;67;30;37;51;53;225;3;319;4,68511E+14;-4,33871E+14;-3,46406E+13;4,41037E+14;-6,56731E+14;-1,13811E+15;SCMTV
2020-07-09 03:22:52;Zapatoca - Santander, Colombia;6,81;-73,21;150;5,3;SGC;6,82;-73,2;144;4.7 Mw;1,1272E+16;133;52;179;223;90;38;26;95;52;224;26;351;8,82172E+14;-9,16755E+15;8,28538E+15;-5,64508E+15;-4,14744E+15;-1,12067E+15;SCMTV
2020-07-09 20:10:55;Zapatoca - Santander, Colombia;6,79;-73,24;142;4,1;SGC;6,81;-73,16;169;4.2 Mw;1,87541E+15;346;52;0;77;90;-142;26;205;52;77;26;308;4,63129E+12;6,58042E+14;-6,62673E+14;-1,12189E+15;-3,15587E+14;-1,31257E+15;SCMTV
2020-07-11 20:26:44;Los Santos - Santander, Colombia;6,82;-73,16;147;4,7;SGC;6,82;-73,16;168;4.4 Mw;4,66235E+15;107;81;43;9;48;168;36;338;46;117;22;231;7,27005E+14;1,30826E+15;-2,03527E+15;3,27271E+15;1,20126E+14;2,79664E+15;SCMTV
2020-07-19 19:26:04;Los Santos - Santander, Colombia;6,8;-73,14;149;4,9;SGC;6,8;-73,14;152;4.6 Mw;8,0514E+15;171;73;55;58;38;152;50;42;33;182;20;286;3,6906E+15;1,21352E+15;-4,90412E+15;2,29112E+15;-5,20394E+15;-3,59486E+15;SCMTV
2020-07-21 21:40:12;Piedecuesta - Santander, Colombia;7,02;-73,07;164;4,6;SGC;7,02;-73,07;183;4.6 Mw;8,77535E+15;113;82;29;19;61;171;26;340;60;127;14;243;1,66236E+15;4,16327E+15;-5,82563E+15;3,89511E+15;-1,09437E+15;5,7983E+15;SCMTV
2020-07-22 19:21:58;Zapatoca - Santander, Colombia;6,81;-73,18;150;4,8;SGC;6,82;-73,17;174;4.5 Mw;5,52177E+15;94;76;-149;356;60;-16;10;222;56;116;32;319;-9,80758E+14;4,11707E+14;5,69051E+14;-2,77531E+15;-1,3765E+15;-4,49058E+15;SCMTV
2020-08-03 04:28:34;Zapatoca - Santander, Colombia;6,83;-73,24;143;4,3;SGC;6,8;-73,17;138;3.9 Mw;7,69192E+14;302;88;-43;33;47;-178;28;356;47;120;30;248;-1,70372E+13;5,07629E+14;-4,90592E+14;4,24919E+14;-3,16585E+14;2,48081E+14;SCMTV
2020-08-14 02:34:38;Acacías - Meta, Colombia;4,13;-73,81;1;4,2;SGC;4,11;-73,84;25;4.2 Mw;2,39024E+15;166;81;-40;263;51;-168;19;221;49;335;34;117;-4,39556E+14;9,02377E+14;-4,62821E+14;2,1597E+13;1,52244E+15;-1,66857E+15;SCMTV
2020-09-04 04:58:19;Los Santos - Santander, Colombia;6,82;-73,16;149;4,6;SGC;6,82;-73,16;158;4.3 Mw;3,2583E+15;189;66;47;75;48;146;50;51;38;210;10;308;1,81742E+15;-6,18503E+14;-1,19892E+15;4,59682E+14;-1,58666E+15;-2,30786E+15;SCMTV
2020-09-27 14:21:59;Los Santos - Santander, Colombia;6,81;-73,16;151;4,1;SGC;6,8;-73,16;118;3.7 Mw;4,05213E+14;139;48;71;347;46;110;76;337;14;152;1;243;4,13354E+14;-1,24634E+14;-2,8872E+14;1,21994E+14;4,56351E+13;1,11153E+14;SCMTV
2020-09-29 22:05:36;Puerto Gaitán - Meta, Colombia;3,92;-71,49;-2;4,6;SGC;3,92;-71,45;20;4.3 Mw;3,11043E+15;357;70;-178;266;88;-20;13;313;70;82;15;220;-3,52737E+14;-1,45065E+14;4,97802E+14;1,01633E+15;1,51991E+14;2,90209E+15;SCMTV
2020-10-04 21:32:02;Puerto Gaitán - Meta, Colombia;3,91;-71,46;0;4;SGC;3,94;-71,41;36;4.3 Mw;3,27965E+15;347;66;-8;80;83;-156;12;211;65;95;22;306;-7,38941E+14;1,62806E+15;-8,89121E+14;-1,18075E+15;-2,56621E+14;-2,70231E+15;SCMTV
2020-10-29 03:57:38;Los Santos - Santander, Colombia;6,8;-73,19;143;4,6;SGC;6,8;-73,19;174;4.4 Mw;4,41707E+15;253;51;-31;5;66;-136;9;126;41;27;47;226;-2,27541E+15;4,60999E+14;1,81441E+15;1,06369E+15;-2,14237E+15;3,07381E+15;SCMTV
2020-11-20 00:56:59;Zapatoca - Santander, Colombia;6,83;-73,23;152;4,7;SGC;6,8;-73,22;155;4.3 Mw;3,22514E+15;78;51;53;308;52;127;62;282;28;104;1;13;2,59342E+15;-2,55861E+15;-3,48036E+13;3,60841E+14;1,80596E+15;6,1078E+14;SCMTV
2020-12-12 01:07:28;Villa Caro - Norte de Santander, Colombia;7,87;-72,97;184;4,5;SGC;7,97;-72,79;200;4.4 Mw;3,97859E+15;51;60;-106;261;34;-64;13;153;14;60;71;285;-3,52616E+15;2,86833E+15;6,57831E+14;-1,01523E+15;-1,76469E+15;1,06651E+15;SCMTV
2020-12-16 23:32:29;Zapatoca - Santander, Colombia;6,81;-73,21;147;5;SGC;6,84;-73,17;166;4.6 Mw;7,33817E+15;113;48;161;216;76;44;40;84;45;230;18;338;2,30441E+15;-5,66794E+15;3,36353E+15;-1,57799E+15;-4,41682E+15;-2,73418E+15;SCMTV
2020-04-15 10:59:30;Pinillos - Bolívar, Colombia;9,02;-74,49;50;5,8;SGC;9,04;-74,39;45,5;5.76 Mww;5.46E+24 ;8;66;-89;185;24;-92;21;97;1;187;69;280;-0.388E+25;-0.025E+25;0.413E+25;-0.052E+25;-0.364E+25;0.05E+25;FASE W
2020-01-04 13:52:56;Los Santos - Santander, Colombia;6,84;-73,15;151;4,8;SGC;6,86;-73,17;144;4.5 Mw;7.441e+15 ;29;89;-24;119;66;-179;16;77;66;207;17;342;1.2E+*15;-6.138E+*15;4.938E+*15;-2.4E+*15;-2.107E+*15;-3.663E+*15;ISOLA
2020-02-01 10:26:52;Zapatoca - Santander, Colombia;6,84;-73,19;149;4,6;SGC;6,81;-73,2;150;4.2 Mw;2.961e+15 ;88;70;-155;350;67;-22;2;218;59;125;31;310;-0.608E+*15;0.816E+*15;-0.208E+*15;-1.029E+*15;-1.097E+*15;-2.443E+*15;ISOLA
2020-02-14 01:29:42;El Peñón - Santander, Colombia;6,09;-73,94;11;4,1;SGC;6,07;-73,94;46;4.3 Mw;3.215e+15 ;28;47;53;256;54;123;64;226;26;55;4;324;2.324E+15;-1.806E+15;-0.518E+15;-0.769E+15;0.36E+15;-2.269E+15;ISOLA
2020-02-21 12:35:44;Los Santos - Santander, Colombia;6,81;-73,09;156;4,5;SGC;6,81;-73,09;142;4.4 Mw;4.315e+15 ;124;70;-166;29;77;-21;5;78;66;179;24;345;-0.475E+15;-3.239E+15;3.714E+15;-1.589E+15;-0.789E+15;-1.793E+15;ISOLA
2020-03-28 05:55:10;Los Santos - Santander, Colombia;6,81;-73,16;149;5,1;SGC;6,81;-73,16;162;4.8 Mw;2.270e+16 ;48;72;-162;312;73;-19;1;0;65;91;25;270;0.064E+*16;1.886E+*16;-1.95E+*16;0.013E+*16;-1.213E+*16;-0.005E+*16;ISOLA
2020-04-02 03:15:53;Betania - Antioquia, Colombia;5,71;-75,94;97;4,9;SGC;5,7;75,97;100;4.8 Mw;2.113e+16 ;348;56;-130;224;50;-46;3;105;32;13;58;200;-1.421E+*16;-0.667E+*16;2.088E+*16;0.482E+*16;-0.357E+*16;0.833E+*16;ISOLA
2020-04-11 03:34:45;Cimitarra - Santander, Colombia;6,52;-74,11;10;3,7;SGC;6,51;-74,09;37;3.9 Mw;9.546e+14 ;179;68;109;317;28;51;62;118;17;352;21;255;6.478E+14;-0.663E+14;-5.815E+14;-1.369E+14;-6.592E+14;2.774E+14;ISOLA
2020-04-12 02:41:46;Los Santos - Santander, Colombia;6,82;-73,17;143;4,8;SGC;6,82;-73,17;132;4.4 Mw;4.361e+15 ;75;80;36;339;55;168;32;303;53;88;17;202;0.212E+15;-1.773E+15;1.56E+15;2.074E+15;2.058E+15;2.77E+15;ISOLA
2020-04-15 10:59:30;Pinillos - Bolívar, Colombia;9,02;-74,49;50;5,8;SGC;9,04;-74,49;58;5.7 Mw;4.911e+17 ;0;63;-93;187;27;-84;18;93;3;2;72;263;-4.05E+17;0.201E+17;3.849E+17;0.113E+17;-2.899E+17;0.261E+17;ISOLA
2020-04-18 13:41:40;Los Santos - Santander, Colombia;6,81;-73,15;139;4,8;SGC;6,81;-73,17;148;4.3 Mw;3.805e+15 ;243;79;-27;339;63;-168;11;293;61;43;27;198;-0.846E+15;-2.07E+15;2.916E+15;1.578E+15;0.312E+15;2.266E+15;ISOLA
2021-01-23 21:12:17;Baraya - Huila, Colombia;3,09;-74,89;30;5;SGC;3,1;-74,9;40;4.8 Mw;2,304E+16;16;47;130;145;56;55;-101;4;-193;28;-2;61;4,5389E+15;-2,2038E+16;1,7499E+16;-4,4744E+15;1,5529E+15;1,0108E+16;SWIFT
2021-01-27 07:57:31;La Victoria - Valle del Cauca, Colombia;4,46;-75,9;157;5,1;SGC;4,5;-75,8;170;5 Mw;3,719E+16;232;67;32;129;61;154;0;4;-95;52;92;37;-3,6948E+16;2,3121E+16;1,3827E+16;-6,8355E+14;1,803E+16;-3,4843E+15;SWIFT
2021-01-29 19:23:40;Toledo - Norte de Santander, Colombia;7,05;-72,14;15;4,3;SGC;7,1;-71,8;75;4.4 Mw;5,36E+15;247;66;-20;345;72;-155;-154;30;18;59;115;4;-2,2206E+15;3,5521E+15;-1,3314E+15;-3,6684E+15;1,3818E+15;1,9242E+15;SWIFT
2021-02-12 01:57:26;Zapatoca - Santander, Colombia;6,79;-73,21;149;4,6;SGC;6,8;-73,2;150;4.1 Mw;1,608E+15;30;75;0;300;90;165;-14;10;120;75;-106;10;-1,3451E+15;1,3451E+15;-36389000;7,7666E+14;-2,0808E+14;-3,6035E+14;SWIFT
2021-03-14 18:14:27;Puerto Berrío - Antioquia, Colombia;6,45;-74,46;66;4,4;SGC;6,4;-74,4;60;4.7 Mw;1,256E+16;31;61;-76;183;32;-114;-28;70;-157;12;110;15;3,1124E+14;1,0002E+16;-1,0313E+16;-3,2317E+15;4,7967E+15;-4,5894E+15;SWIFT
2021-03-18 13:07:12;Puerto Gaitán - Meta, Colombia;3,87;-71,47;0;4,5;SGC;3,3;-71,1;25;4.5 Mw;8,064E+15;192;57;170;287;82;33;55;16;-60;56;-205;29;2,6539E+15;-3,9328E+15;1,279E+15;-5,8246E+15;-3,4216E+14;-4,3489E+15;SWIFT
2021-03-22 04:37:43;Puerto Gaitán - Meta, Colombia;3,93;-71,5;-2;5;SGC;3,8;-71,3;5;5.1 Mw;4,839E+16;273;31;-56;55;65;-109;-67;65;62;16;-201;17;3,6781E+16;-1,3598E+15;-3,5421E+16;-1,201E+16;2,2177E+16;-2,0024E+16;SWIFT
2021-03-23 02:48:46;Venezuela;7,39;-71,81;30;4,6;SGC;7,4;-71,7;25;4.7 Mw;1,314E+16;232;56;95;44;34;83;-40;10;49;4;159;78;-6,7303E+15;-5,3624E+15;1,2093E+16;6,0733E+15;2,5925E+15;-4,3493E+15;SWIFT
2021-04-05 00:46:19;Medina - Cundinamarca, Colombia;4,41;-73,56;0;4,4;SGC;4,3;-73,3;15;4.1 Mw;2,019E+15;214;62;166;311;78;29;80;10;-27;59;-184;28;1,4771E+15;-1,8821E+15;4,0501E+14;-4,6033E+14;-2,8791E+14;-9,1521E+14;SWIFT
2021-05-28 16:10:42;Los Santos - Santander, Colombia;6,82;-73,17;147;4,4;SGC;6,8;-73,1;160;4.5 Mw;8,187E+15;249;82;136;347;47;11;-55;22;60;46;-162;35;2,4979E+15;-4,0558E+15;1,558E+15;4,9409E+15;1,1265E+15;-5,3649E+15;SWIFT
2021-06-14 20:05:24;Zapatoca - Santander, Colombia;6,79;-73,21;148;4,2;SGC;6,9;-73,2;160;4.6 Mw;9,723E+15;296;59;67;155;38;123;42;10;-51;19;160;66;-3,8172E+15;-4,0846E+15;7,9029E+15;-5,1182E+15;-8,3307E+13;-4,634E+15;SWIFT
2021-07-06 02:57:24;Los Santos - Santander, Colombia;6,79;-73,19;147;4,5;SGC;6,9;-73,1;150;4.2 Mw;2,213E+15;243;46;108;38;47;72;-39;0;50;12;-127;75;-1,2718E+15;-8,3142E+14;2,1035E+15;1,1399E+15;-3,8993E+14;-2,8105E+14;SWIFT
2021-07-06 11:41:26;Zapatoca - Santander, Colombia;6,81;-73,2;150;4,7;SGC;6,9;-73,1;150;4.2 Mw;2,662E+15;1;69;136;110;50;28;59;12;160;42;-42;45;6,2025E+13;-1,2993E+15;1,2373E+15;-1,7649E+15;-1,3621E+15;7,1022E+14;SWIFT
2021-10-05 19:37:47;Zapatoca - Santander, Colombia;6,8;-73,2;154;5;SGC;6,8;-73,1;170;4.8 Mw;1,778E+16;51;73;-165;317;76;-18;-87;22;98;66;4;1;1,7618E+16;-1,5045E+16;-2,5728E+15;2,1567E+15;6,303E+15;1,9505E+14;SWIFT
2021-10-12 04:51:46;Zapatoca - Santander, Colombia;6,82;-73,2;158;5,1;SGC;6,8;-73,1;150;4.6 Mw;1,155E+16;90;79;-173;359;83;-11;-46;12;147;75;44;2;3,9293E+14;1,4022E+14;-5,3315E+14;1,1255E+16;2,1622E+15;-1,3444E+15;SWIFT
2021-01-23 21:12:17;Baraya - Huila, Colombia;3,09;-74,89;30;5;SGC;3,03;-74,85;40;5.0 Mw;3,0075E+16;139;61;38;27;57;144;47;354;43;170;2;262;1,63482E+16;1,39868E+16;-3,0335E+16;1,34547E+16;1,791E+14;5,64738E+15;SCMTV
2021-01-27 07:57:31;La Victoria - Valle del Cauca, Colombia;4,46;-75,9;157;5,1;SGC;4,45;-75,9;182;5.0 Mw;3,31944E+16;137;65;156;237;68;27;34;98;56;273;2;7;8,3994E+15;-3,03492E+16;2,19498E+16;-3,54085E+15;-1,751E+16;6,78394E+15;SCMTV
2021-01-29 19:23:40;Toledo - Norte de Santander, Colombia;7,05;-72,14;15;4,3;SGC;7,08;-72,04;29;4.3 Mw;2,86222E+15;346;82;38;250;52;170;32;215;51;356;20;112;4,96998E+14;1,01385E+15;-1,51085E+15;-6,78922E+14;1,57882E+15;-1,86009E+15;SCMTV
2021-02-12 01:57:26;Zapatoca - Santander, Colombia;6,79;-73,21;149;4,6;SGC;6,79;-73,21;131;4.1 Mw;1,42051E+15;304;83;143;39;53;9;31;255;52;115;20;357;1,76454E+14;-1,15228E+15;9,75828E+14;-5,95601E+14;6,21607E+14;-3,48074E+14;SCMTV
2021-03-14 18:14:27;Puerto Berrío - Antioquia, Colombia;6,45;-74,46;66;4,4;SGC;6,44;-74,45;70;4.3 Mw;3,26441E+15;22;76;-117;266;30;-29;27;133;26;29;52;261;-1,24806E+15;9,73753E+14;2,74306E+14;-8,59947E+14;-2,39703E+15;1,69721E+15;SCMTV
2021-03-18 13:07:12;Puerto Gaitán - Meta, Colombia;3,87;-71,47;0;4,5;SGC;4,08;-71,59;12;4.3 Mw;2,76243E+15;269;87;-27;0;63;-177;17;318;63;83;21;221;-6,14776E+14;3,65814E+14;2,48962E+14;1,16278E+15;3,44568E+14;2,4235E+15;SCMTV
2021-03-22 04:37:43;Puerto Gaitán - Meta, Colombia;3,93;-71,5;-2;5;SGC;3,93;-71,51;10;5.0 Mw;3,81267E+16;68;37;-92;251;53;-88;8;340;1;70;82;169;-3,64522E+16;3,19741E+16;4,4781E+15;1,06086E+16;3,01117E+15;1,21017E+16;SCMTV
2021-03-23 02:48:46;Venezuela;7,39;-71,81;30;4,6;SGC;7,37;-71,8;30;4.4 Mw;4,77919E+15;238;57;139;353;56;40;51;205;39;26;1;296;2,78352E+15;5,67954E+14;-3,35147E+15;-2,46905E+15;1,1077E+15;-2,42198E+15;SCMTV
2021-05-28 16:10:42;Los Santos - Santander, Colombia;6,82;-73,17;147;4,4;SGC;6,82;-73,17;155;4.4 Mw;4,54398E+15;347;47;10;250;82;136;35;199;46;62;23;306;8,31573E+14;1,34322E+15;-2,17479E+15;-2,98427E+15;-6,6601E+14;-2,77229E+15;SCMTV
2021-06-14 16:25:34;Zapatoca - Santander, Colombia;6,82;-73,21;151;5;SGC;6,82;-73,21;160;4.7 Mw;1,16682E+16;71;63;118;202;38;47;61;24;24;238;14;141;8,10352E+15;-4,52073E+15;-3,58279E+15;6,35641E+15;1,22518E+14;-6,8013E+15;SCMTV
2021-06-14 20:05:24;Zapatoca - Santander, Colombia;6,79;-73,21;148;4,2;SGC;6,79;-73,21;135;4.2 Mw;1,88474E+15;34;16;58;248;77;99;57;169;8;66;31;331;6,09813E+14;-6,22598E+14;1,27848E+13;-1,4951E+15;-6,46644E+14;-7,20379E+14;SCMTV
2021-07-06 02:57:24;Los Santos - Santander, Colombia;6,79;-73,19;147;4,5;SGC;6,84;-73,16;170;4.3 Mw;2,73794E+15;32;62;42;280;54;145;48;250;41;60;5;154;1,555E+15;-2,15E+15;5,95E+14;-1,04E+14;1,131E+15;-1,584E+15;SCMTV
2021-07-06 11:41:26;Zapatoca - Santander, Colombia;6,81;-73,2;150;4,7;SGC;6,82;-73,21;179;4.3 Mw;2,65631E+15;99;61;22;358;71;149;35;316;54;150;7;51;7,17398E+14;-1,04909E+14;-6,12488E+14;8,48934E+14;1,19038E+15;2,11374E+15;SCMTV
2021-10-05 19:37:47;Zapatoca - Santander, Colombia;6,8;-73,2;154;5;SGC;6,81;-73,19;168;4.7 Mw;1,37286E+16;302;74;-28;41;64;-162;7;353;58;94;31;259;-2,9268E+15;1,25284E+16;-9,60165E+15;2,65758E+15;-6,36093E+15;3,47731E+15;SCMTV
2021-10-12 04:51:46;Zapatoca - Santander, Colombia;6,82;-73,2;158;5,1;SGC;6,81;-73,12;160;4.7 Mw;1,08793E+16;96;60;-161;356;74;-32;9;48;55;151;34;312;-2,2623E+15;1,12441E+15;1,13789E+15;-3,25805E+15;-5,50933E+15;-8,5763E+15;SCMTV
2021-12-09 00:07:15;San Juanito - Meta, Colombia;4,42;-73,65;0;4,6;SGC;4,4;-73,66;40;4.8 Mw;1,61925E+16;324;76;40;223;51;162;38;191;48;339;16;88;4,72055E+15;9,75681E+15;-1,44774E+16;-7,94895E+15;5,79827E+15;-1,3617E+15;SCMTV
2021-01-23 21:12:17;Baraya - Huila, Colombia;3,09;-74,89;30;5;SGC;3,0357;-74,836;29;4.9 Mw;2.402e+16 ;157;58;73;8;36;116;71;27;15;166;12;260;1.91E+16;0.387E+16;-2.297E+16;0.627E+16;-0.823E+16;0.407E+16;ISOLA
2021-04-05 00:46:19;Medina - Cundinamarca, Colombia;4,41;-73,56;0;4,4;SGC;4,3315;-73,503;16;4.2 Mw;2.771e+15 ;318;88;34;226;56;177;25;188;56;321;22;87;0.184E+15;2.191E+15;-2.375E+15;-1.035E+15;1.162E+15;-0.141E+15;ISOLA
2022-05-30 01:23:25;Los Santos - Santander, Colombia;6,78;-73,17;145;4,5;SGC;6,8;-73,1;160;4.4 Mw;4,677E+15;353;75;133;98;45;21;52;18;159;41;-56;42;-7,9275E+14;-8,8349E+14;1,6762E+15;-3,1991E+15;-3,0574E+15;4,2968E+14;SWIFT
2022-09-01 04:57:05;Zapatoca - Santander, Colombia;6,8;-73,24;147;4,3;SGC;6,8;-73,1;170;4.3 Mw;3,251E+15;61;53;158;165;73;39;-71;12;-174;47;29;39;1,146E+15;-2,3167E+15;1,1707E+15;1,7721E+15;1,4239E+15;1,173E+15;SWIFT
2022-09-19 06:12:41;Los Santos - Santander, Colombia;6,8;-73,17;144;5;SGC;6,8;-73,1;150;4.8 Mw;1,818E+16;77;81;17;344;73;171;-151;5;102;70;-59;18;-9,2209E+15;7,6301E+15;1,5904E+15;-1,4984E+16;-3,7142E+15;4,3959E+15;SWIFT
2022-09-20 04:54:52;Amalfi - Antioquia, Colombia;6,9;-74,94;50;4,4;SGC;6,9;-74,9;45;4.4 Mw;5,015E+15;73;88;-3;163;87;-178;28;3;-141;90;118;0;-2,7974E+15;2,8154E+15;-1,8295E+13;-4,1444E+15;-8,9768E+13;-3,0175E+14;SWIFT
2022-01-19 04:25:47;Aguazul - Casanare, Colombia;5,27;-72,57;29;4,4;SGC;5,26;-72,57;26;4.3 Mw;2,65224E+15;183;49;23;77;73;136;42;31;44;240;15;135;1,0589E+15;-2,27417E+14;-8,31481E+14;1,54542E+15;-1,31436E+14;-1,92266E+15;SCMTV
2022-02-06 07:13:22;Valledupar - Cesar, Colombia;10,62;-73,47;86;4,8;SGC;10,62;-73,47;90;4.8 Mw;1,56394E+16;110;67;56;351;40;143;54;337;31;125;15;224;9,34941E+15;-2,37784E+15;-6,97157E+15;1,07654E+16;1,85082E+15;7,3781E+15;SCMTV
2022-02-07 00:31:20;Dolores - Tolima, Colombia;3,45;-74,78;45;4,5;SGC;3,45;-74,78;49;4.5 Mw;6,90465E+15;203;70;104;345;24;55;62;135;14;18;24;282;4,32845E+15;3,05583E+14;-4,63404E+15;-2,64035E+15;-4,52624E+15;-2,53489E+14;SCMTV
2022-02-23 12:49:33;Santa Rosa del Sur - Bolívar, Colombia;7,84;-74,3;52;5,5;SGC;7,84;-74,3;60;5.6 Mw;2,73285E+17;243;46;-59;22;52;-118;3;131;22;40;68;230;-2,31132E+17;9,94228E+16;1,31709E+17;4,7099E+16;-8,06887E+16;1,60089E+17;SCMTV
2022-06-12 09:00:16;El Calvario - Meta, Colombia;4,38;-73,63;40;4,1;SGC;4,38;-73,63;47;4.1 Mw;1,44516E+15;66;40;117;212;55;69;71;70;17;225;8;317;1,32156E+15;-7,74866E+14;-5,4669E+14;6,01843E+13;-5,91805E+14;-6,41673E+14;SCMTV
2022-09-01 04:57:05;Zapatoca - Santander, Colombia;6,8;-73,24;147;4,3;SGC;6,8;-73,24;176;4.3 Mw;2,72239E+15;173;58;45;56;53;139;53;27;37;201;3;293;1,70606E+15;3,11563E+14;-2,01763E+15;1,21966E+15;-7,55394E+14;-1,34683E+15;SCMTV
2022-09-20 04:54:52;Amalfi - Antioquia, Colombia;6,9;-74,94;50;4,4;SGC;6,91;-74,92;50;4.4 Mw;4,55432E+15;342;87;167;73;77;3;11;297;77;151;7;28;7,5E+14;-2,91E+15;2,15E+15;-3,3E+14;9,2E+14;3,6E+15;SCMTV
2022-12-02 23:09:22;Cúcuta - Norte de Santander, Colombia;8,03;-72,59;19;4,7;SGC;8,02;-72,59;23;4.6 Mw;9,18893E+15;345;65;3;254;88;155;19;207;65;69;16;302;1,72551E+15;3,19367E+15;-4,91918E+15;-3,34431E+15;-1,77266E+15;-7,17092E+15;SCMTV
2022-02-23 12:49:33;Santa Rosa del Sur - Bolívar, Colombia;7,84;-74,3;52;5,5;SGC;7,74;-74,46;45,5;5.48 Mww;2.10E+24 ;20;55;-121;246;46;-54;5;132;25;39;65;232;-0.179E+25;0.086E+25;0.092E+25;0.052E+25;-0.09E+25;0.101E+25;FASE W
2022-02-06 07:13:22;Valledupar - Cesar, Colombia;10,62;-73,47;86;4,8;SGC;10,63;-73,47;87;4.9 Mw;3.094e+16 ;143;60;99;306;31;75;74;76;8;318;14;227;2E+*16;-0.929E+*16;-1.072E+*16;0.841E+*16;-1.123E+*16;2.145E+*16;ISOLA
2023-02-15 13:04:10;Zapatoca - Santander, Colombia;6,78;-73,23;144;5,2;SGC;6,9;-73,1;130;4.7 Mw;1,397E+16;238;85;-91;69;5;-79;147;50;-122;1;-31;39;1,9628E+15;4,6283E+14;-2,4252E+15;-9,8349E+14;-7,3077E+15;1,1654E+16;SWIFT
2023-03-10 09:18:41;Los Santos - Santander, Colombia;6,83;-73,17;151;5,5;SGC;6,9;-73,2;170;5.4 Mw;1,614E+17;27;75;-44;131;48;-160;-20;40;-167;44;85;16;-8,0345E+16;1,3524E+17;-5,4892E+16;4,2868E+16;7,2808E+16;-7,0935E+16;SWIFT
2023-05-14 06:04:17;Acacías - Meta, Colombia;4,1;-73,85;10;5,3;SGC;4,1;-73,9;10;4.7 Mw;1,578E+16;226;69;-174;134;84;-21;88;19;-61;68;-179;10;1,5251E+16;-1,4074E+16;-1,1758E+15;7,6202E+13;-4,9502E+15;-2,9098E+15;SWIFT
2023-05-28 15:45:56;Zapatoca - Santander, Colombia;6,8;-73,22;149;5,6;SGC;6,9;-73,1;180;5.3 Mw;1,092E+17;26;68;-31;129;61;-155;-14;36;175;52;79;4;-6,1032E+16;1,0017E+17;-3,9137E+16;3,7139E+16;2,1895E+16;-4,9206E+16;SWIFT
2023-06-27 10:55:57;Los Santos - Santander, Colombia;6,79;-73,17;149;4,4;SGC;6,9;-73,1;170;4.3 Mw;3,067E+15;53;64;134;167;50;35;113;8;-151;38;12;50;7,3179E+14;-2,4705E+15;1,7384E+15;1,3633E+15;-7,1553E+13;1,647E+15;SWIFT
2023-06-30 01:52:29;Vistahermosa - Meta, Colombia;3,2;-73,86;23;5,2;SGC;3,1;-73,7;25;5 Mw;3,494E+16;266;75;178;357;88;15;130;9;4;75;-138;12;3,5254E+15;-4,1544E+15;6,3067E+14;3,3511E+16;-8,9481E+15;-1,6485E+15;SWIFT
2023-08-17 17:04:51;San Juanito - Meta, Colombia;4,42;-73,63;13;6,1;SGC;4,3;-73,6;20;6.1 Mw;1,784E+18;223;52;150;332;67;42;94;9;-4;42;-167;45;8,2242E+17;-1,6812E+18;8,5864E+17;3,2647E+17;-4,8899E+17;-8,4669E+17;SWIFT
2023-08-17 17:17:18;Guayabetal - Cundinamarca, Colombia;4,27;-73,75;13;5,6;SGC;4,3;-73,6;20;5.5 Mw;2E+17;329;71;56;213;39;148;83;18;-18;32;-161;52;6,676E+16;-1,7042E+17;1,0366E+17;3,938E+15;-9,026E+16;-9,854E+16;SWIFT
2023-08-17 17:40:16;Guayabetal - Cundinamarca, Colombia;4,21;-73,77;14;5;SGC;4,2;-73,7;20;4.9 Mw;2,85E+16;236;59;172;330;83;31;98;16;-18;58;-163;26;2,0024E+16;-2,3524E+16;3,5026E+15;1,0685E+16;-1,101E+16;-9,6729E+15;SWIFT
2023-08-18 01:15:26;Restrepo - Meta, Colombia;4,42;-73,61;13;5,1;SGC;4,4;-73,5;15;4.8 Mw;1,925E+16;330;61;38;219;57;145;94;2;1;43;-174;46;8,9763E+15;-1,9029E+16;1,005E+16;2,2811E+15;-1,7618E+15;-9,5095E+15;SWIFT
2023-03-10 09:18:41;Los Santos - Santander, Colombia;6,83;-73,17;151;5,5;SGC;6,83;-73,17;150;5.5 Mw;1,98618E+17;129;49;-170;33;82;-41;22;88;48;204;34;342;-3,85E+16;-1,247E+17;1,632E+17;-7,65E+16;-9,97E+16;-4,27E+16;SCMTV
2023-05-28 15:45:56;Zapatoca - Santander, Colombia;6,8;-73,22;149;5,6;SGC;6,82;-73,17;151;5.3 Mw;8,05921E+16;118;78;-156;23;67;-13;7;249;64;144;25;343;-8,9E+15;-5,18E+16;6,07E+16;-3,59E+16;-1,6E+15;-4,45E+16;SCMTV
2023-06-30 01:52:29;Vistahermosa - Meta, Colombia;3,2;-73,86;23;5,2;SGC;3,2;-73,86;22;5.1 Mw;4,17309E+16;179;90;-12;269;78;-180;8;224;78;356;9;133;-7E+14;2,4E+15;-1,7E+15;-1E+14;8,5E+15;-4,08E+16;SCMTV
2023-08-17 17:04:51;San Juanito - Meta, Colombia;4,42;-73,63;13;6,1;SGC;4,38;-73,63;18;6.2 Mw;2,30594E+18;322;74;38;220;53;160;38;187;49;341;13;87;8,43404E+17;1,42338E+18;-2,26678E+18;-9,24408E+17;7,24491E+17;-1,17435E+16;SCMTV
2023-08-17 17:17:18;Guayabetal - Cundinamarca, Colombia;4,27;-73,75;13;5,6;SGC;4,21;-73,74;26;5.6 Mw;2,70622E+17;327;76;56;218;37;157;47;201;33;336;24;83;1,03001E+17;1,03948E+17;-2,06949E+17;-1,40691E+17;1,45349E+17;-1,39565E+16;SCMTV
2023-08-17 17:40:16;Guayabetal - Cundinamarca, Colombia;4,21;-73,77;14;5;SGC;4,21;-73,77;25;5.0 Mw;3,62891E+16;327;84;41;232;49;173;32;198;48;334;23;93;4,30966E+15;2,33537E+16;-2,76634E+16;-1,57086E+16;1,78509E+16;-9,32016E+15;SCMTV
2023-08-18 01:15:26;Restrepo - Meta, Colombia;4,42;-73,61;13;5,1;SGC;4,42;-73,61;10;4.8 Mw;1,92161E+16;325;76;32;227;59;164;32;190;55;346;11;93;5,4E+15;1,32E+16;-1,86E+16;-7,44E+15;5,47E+15;-3,05E+15;SCMTV
2023-08-17 17:04:51;San Juanito - Meta, Colombia;4,42;-73,63;13;6,1;SGC;4,38;-73,63;11,5;6.26 Mww;3.08E+25 ;224;28;166;327;83;63;45;210;27;330;33;79;0.056E+26;0.123E+26;-0.179E+26;-0.14E+26;0.226E+26;-0.008E+26;FASE W
2023-08-17 17:17:18;Guayabetal - Cundinamarca, Colombia;4,27;-73,75;13;5,6;SGC;4,21;-73,74;11,5;5.61 Mww;3.27E+24 ;328;86;78;220;13;162;48;225;12;328;40;69;0.04E+25;0.056E+25;-0.096E+25;-0.171E+25;0.266E+25;-0.002E+25;FASE W
2024-01-21 17:19:48;Los Santos - Santander, Colombia;6,76;-73,19;147;5;SGC;6,9;-73,3;170;5.1 Mw;4,892E+16;262;72;-17;357;74;-161;-141;24;35;65;128;1;-4,6244E+15;1,3067E+16;-8,4387E+15;-4,3779E+16;1,2822E+16;1,3438E+16;SWIFT
2024-02-22 04:05:32;Zapatoca - Santander, Colombia;6,79;-73,23;147;4,7;SGC;6,9;-73,2;150;4.6 Mw;8,515E+15;16;66;-15;112;76;-155;-23;27;139;61;-118;6;-3,7492E+15;5,4385E+15;-1,6894E+15;5,9733E+15;5,4079E+14;-3,6453E+15;SWIFT
2024-02-28 07:05:13;Bello - Antioquia, Colombia;6,35;-75,64;22;4;SGC;6,3;-75,6;15;4.2 Mw;2,453E+15;57;26;120;204;68;76;-56;21;-151;12;91;64;-6,8635E+14;-9,8782E+14;1,6739E+15;9,8341E+14;1,6369E+15;-4,9649E+14;SWIFT
2024-04-02 23:16:50;Yopal - Casanare, Colombia;5,5;-72,39;16;4,8;SGC;5,5;-72,3;10;4.7 Mw;1,55E+16;53;88;176;143;86;2;98;1;-156;90;8;4;1,4827E+16;-1,4902E+16;7,5284E+13;4,2238E+15;-2,2242E+14;1,1853E+15;SWIFT
2024-05-06 15:01:51;Buenavista - Córdoba, Colombia;8,09;-75,38;52;4,4;SGC;8,1;-75,2;30;4.4 Mw;4,386E+15;355;44;-91;176;46;-89;116;90;-4;0;-95;1;2,4057E+13;4,3588E+15;-4,3825E+15;3,2816E+14;-1,5728E+14;4,1513E+13;SWIFT
2024-05-27 05:12:32;Zapatoca - Santander, Colombia;6,79;-73,24;145;4,5;SGC;6,9;-73,2;140;4.4 Mw;5,053E+15;19;77;-28;116;63;-165;-25;28;175;59;69;9;-2,572E+15;3,6301E+15;-1,0581E+15;3,0945E+15;1,6549E+15;-1,6624E+15;SWIFT
2024-06-07 07:55:53;Génova - Quindío, Colombia;4,22;-75,79;16;4,3;SGC;4,2;-75,8;5;4.2 Mw;2,61E+15;68;66;-175;336;85;-24;-71;20;144;65;24;12;1,7957E+15;-1,6114E+15;-1,8434E+14;1,6579E+15;1,0396E+15;2,3537E+14;SWIFT
2024-06-30 03:46:54;Los Santos - Santander, Colombia;6,79;-73,18;146;5;SGC;6,9;-73,1;160;4.6 Mw;1,06E+16;39;71;-24;137;67;-159;-2;29;-177;59;88;2;-7,9044E+15;1,0559E+16;-2,6542E+15;6,0547E+14;6,5625E+14;-4,5877E+15;SWIFT
2024-07-18 01:09:18;Los Santos - Santander, Colombia;6,77;-73,09;146;4,2;SGC;6,8;-73,2;150;4.1 Mw;1,502E+15;49;39;160;155;78;53;-88;23;164;36;27;44;5,9344E+14;-1,0959E+15;5,0242E+14;3,7235E+14;8,979E+14;6,3895E+14;SWIFT
2024-08-28 03:03:59;Los Santos - Santander, Colombia;6,8;-73,19;147;4,9;SGC;6,7;-73,1;160;4.7 Mw;1,468E+16;14;80;-132;273;43;-15;-114;39;22;41;-224;22;4,7593E+15;-1,0286E+15;-3,7317E+15;-9,4172E+15;1,036E+16;-8,2502E+14;SWIFT
2024-09-12 08:34:31;Yalí - Antioquia, Colombia;6,75;-74,74;56;4,5;SGC;6,7;-74,8;55;4.5 Mw;7,011E+15;239;37;-84;52;53;-95;-58;81;54;3;-215;8;4,5354E+15;2,1671E+15;-6,7025E+15;-3,1662E+15;1,4912E+15;-1,3461E+15;SWIFT
2024-10-31 16:08:01;El Calvario - Meta, Colombia;4,38;-73,7;16;4;SGC;4,4;-73,6;25;4.1 Mw;1,514E+15;331;59;43;215;54;140;92;2;0;38;-174;51;5,7714E+14;-1,5028E+15;9,2551E+14;1,1396E+14;-1,4466E+14;-7,3096E+14;SWIFT
2024-11-25 04:51:31;Zapatoca - Santander, Colombia;6,78;-73,2;148;4,5;SGC;6,8;-73;170;4.4 Mw;5,718E+15;7;69;-166;272;77;-22;-132;24;61;65;-39;5;1,2665E+15;-3,4119E+14;-9,2574E+14;-5,1376E+15;1,2625E+15;1,8481E+15;SWIFT
2024-12-24 20:33:33;Maceo - Antioquia, Colombia;6,49;-74,76;55;4,6;SGC;6,5;-74,8;50;4.5 Mw;7,17E+15;48;60;-77;204;32;-111;-12;71;-138;10;129;14;2,0069E+15;4,0095E+15;-6,0163E+15;-3,1469E+15;1,7947E+15;-3,1842E+15;SWIFT
2024-12-26 00:52:39;Tarazá - Antioquia, Colombia;7,29;-75,27;49;5,1;SGC;7,5;-75,4;50;4.9 Mw;3,196E+16;279;44;-42;42;62;-126;-97;57;60;31;-203;9;2,6092E+16;-4,6566E+15;-2,1436E+16;-1,2394E+16;1,6645E+16;-3,1206E+15;SWIFT
2024-01-21 17:19:48;Los Santos - Santander, Colombia;6,76;-73,19;147;5;SGC;6,8;-73,14;150;5.0 Mw;3,69366E+16;107;73;32;7;60;161;34;331;55;132;9;235;1,37E+16;5,7E+15;-1,94E+16;1,5E+16;2E+14;2,9E+16;SCMTV
2024-02-22 04:05:32;Zapatoca - Santander, Colombia;6,79;-73,23;147;4,7;SGC;6,79;-73,23;145;4.6 Mw;7,29779E+15;96;88;-140;4;50;-2;26;222;50;97;28;328;-8E+13;-1,05E+15;1,13E+15;-4,74E+15;-6E+13;-5,44E+15;SCMTV
2024-02-28 07:05:13;Bello - Antioquia, Colombia;6,35;-75,64;22;4;SGC;6,35;-75,64;15;4.1 Mw;1,6656E+15;58;23;109;218;68;82;66;114;7;221;22;314;1,198E+15;-6,73E+14;-5,25E+14;-6,38E+14;-9,99E+14;-5,36E+14;SCMTV
2024-04-02 23:16:50;Yopal - Casanare, Colombia;5,5;-72,39;16;4,8;SGC;5,46;-72,37;11;4.7 Mw;1,151E+16;328;73;-2;58;88;-163;10;192;73;65;14;284;-1,08107E+15;1,04432E+16;-9,36209E+15;-2,81331E+15;-1,75909E+15;-4,74691E+15;SCMTV
2024-05-06 15:01:51;Buenavista - Córdoba, Colombia;8,09;-75,38;52;4,4;SGC;8,09;-75,38;35;4.5 Mw;5,27849E+15;181;24;-87;357;66;-92;21;88;1;358;69;264;-4,33445E+15;1,00594E+15;3,32851E+15;2,58727E+14;-3,51515E+15;9,4126E+11;SCMTV
2024-05-27 05:12:32;Zapatoca - Santander, Colombia;6,79;-73,24;145;4,5;SGC;6,79;-73,22;139;4.4 Mw;3,63025E+15;122;56;-161;21;75;-35;12;75;52;181;36;336;-1,04131E+15;-1,7763E+15;2,81761E+15;-1,44562E+15;-1,39333E+15;-1,74881E+15;SCMTV
2024-06-07 07:55:53;Génova - Quindío, Colombia;4,22;-75,79;16;4,3;SGC;4,22;-75,79;13;4.3 Mw;2,73832E+15;166;85;2;76;88;175;6;31;84;232;2;121;2,48398E+14;1,1658E+15;-1,4142E+15;2,59089E+14;-1,93472E+13;-2,39176E+15;SCMTV
2024-06-30 03:46:54;Los Santos - Santander, Colombia;6,79;-73,18;146;5;SGC;6,81;-73,14;150;4.6 Mw;7,08817E+15;143;56;-153;37;68;-38;8;93;47;191;42;356;-2,78E+15;-3,8E+15;6,58E+15;-4,04E+15;-1,09E+15;-1E+13;SCMTV
2024-07-26 18:54:53;Zapatoca - Santander, Colombia;6,81;-73,22;147;4,6;SGC;6,81;-73,22;141;4.3 Mw;3,08262E+15;358;87;-126;264;36;-5;32;117;36;0;38;236;-2,6273E+14;-1,05845E+13;2,73315E+14;3,8414E+14;-2,46507E+15;1,79066E+15;SCMTV
2024-07-30 05:32:17;Uribe - Meta, Colombia;3,59;-74,36;22;4,2;SGC;3,59;-74,36;26;4.2 Mw;1,80136E+15;146;88;51;54;39;177;35;23;39;148;32;268;9,6409E+13;1,03861E+15;-1,13502E+15;7,48411E+14;-1,16754E+15;-3,65363E+14;SCMTV
2024-08-14 04:14:48;Zapatoca - Santander, Colombia;6,76;-73,22;146;4,1;SGC;6,76;-73,21;150;4.1 Mw;1,43648E+15;105;85;-148;12;59;-5;18;234;58;112;25;333;-1,72412E+14;-4,42818E+14;6,1523E+14;-7,17937E+14;1,50437E+14;-1,10601E+15;SCMTV
2024-08-28 03:03:59;Los Santos - Santander, Colombia;6,8;-73,19;147;4,9;SGC;6,78;-73,22;156;4.7 Mw;1,13913E+16;281;36;0;191;90;126;35;132;36;11;35;250;3E+13;2,39E+15;-2,43E+15;-1,99E+15;-8,94E+15;6,33E+15;SCMTV
2024-08-31 03:10:05;Los Santos - Santander, Colombia;6,77;-73,2;146;4,7;SGC;6,77;-73,2;145;4.4 Mw;3,6626E+15;29;60;46;272;51;141;52;246;37;55;5;149;2,26962E+15;-2,48756E+15;2,17948E+14;-3,24567E+14;1,62168E+15;-2,23297E+15;SCMTV
2024-09-12 08:34:31;Yalí - Antioquia, Colombia;6,75;-74,74;56;4,5;SGC;6,81;-74,74;52;4.5 Mw;5,92427E+15;218;34;-101;51;56;-83;11;135;6;227;77;345;-5,28079E+15;2,56248E+15;2,7183E+15;-1,98958E+15;-1,14443E+15;2,98458E+15;SCMTV
2024-09-29 07:05:47;Villanueva - Santander, Colombia;6,75;-73,2;146;4,7;SGC;6,75;-73,2;142;4.4 Mw;4,73875E+15;107;78;-155;11;65;-13;8;237;62;131;26;331;-8E+14;-1,58E+15;2,38E+15;-2,04E+15;-3,6E+14;-3,71E+15;SCMTV
2024-10-29 21:49:17;Colombia-Venezuela, Región Fronteriza;7,28;-72,12;20;4,4;SGC;7,28;-72,14;57;4.4 Mw;3,81139E+15;291;65;162;28;74;26;29;252;60;58;6;158;4,10098E+14;-2,62897E+15;2,21887E+15;-4,01427E+14;2,0824E+15;-2,00691E+15;SCMTV
2024-10-31 16:08:01;El Calvario - Meta, Colombia;4,38;-73,7;16;4;SGC;4,35;-73,65;10;4.0 Mw;1,06242E+15;148;86;-39;241;51;-175;23;201;51;323;29;97;-6,76473E+13;7,59792E+14;-6,92144E+14;-2,72654E+14;6,11143E+14;-3,87872E+14;SCMTV
2024-10-31 16:31:55;El Calvario - Meta, Colombia;4,36;-73,69;14;4;SGC;4,32;-73,46;16;4.0 Mw;1,06824E+15;222;33;153;336;76;60;50;212;29;344;25;88;4,38E+14;3,34E+14;-7,72E+14;-4,34E+14;6,91E+14;-1,6E+14;SCMTV
2024-11-25 04:51:31;Zapatoca - Santander, Colombia;6,78;-73,2;148;4,5;SGC;6,78;-73,2;139;4.5 Mw;5,37527E+15;1;75;-166;267;76;-16;1;314;69;47;21;224;-1,21E+15;4,8E+14;7,3E+14;1,1E+15;-9,3E+14;5,07E+15;SCMTV
2024-12-04 18:02:38;Ubaté - Cundinamarca, Colombia;5,34;-73,78;139;4,3;SGC;5,25;-73,71;164;4.2 Mw;2,13985E+15;34;57;-138;277;56;-42;1;155;38;65;52;246;-1,313E+15;1,58E+15;-2,68E+14;4,47E+14;-1,038E+15;1,075E+15;SCMTV
2024-12-12 18:11:47;Charalá - Santander, Colombia;6,28;-73,18;177;4,4;SGC;6,28;-73,18;181;4.4 Mw;4,1918E+15;81;26;-40;209;73;-111;26;315;20;215;57;92;-2,17E+15;1,71E+15;4,6E+14;1,2E+15;3,08E+15;1,65E+15;SCMTV
2024-12-24 20:33:33;Maceo - Antioquia, Colombia;6,49;-74,76;55;4,6;SGC;6,49;-74,76;56;4.6 Mw;7,2423E+15;203;32;-119;57;63;-73;16;134;15;229;68;359;-5,46533E+15;2,18271E+15;3,28262E+15;-3,80008E+15;-1,5454E+15;3,59406E+15;SCMTV
2024-12-26 00:52:39;Tarazá - Antioquia, Colombia;7,29;-75,27;49;5,1;SGC;7,29;-75,27;49;5.1 Mw;4,35803E+16;51;56;-110;264;39;-63;9;155;17;62;71;272;-3,92E+16;3,4E+16;5,2E+15;-5,8E+15;-1,76E+16;1,4E+16;SCMTV
2024-01-21 17:19:48;Los Santos - Santander, Colombia;6,76;-73,19;147;5;SGC;6,76;-73,19;170;4.9 Mw;2,864E+16;112;80;29;17;62;169;59;115;23;340;-20;61;0.177E+**16;1.471E+**16;-1.648E+**16;1.535E+**16;0.139E+**16;1.836E+**16;ISOLA
2024-02-28 07:05:13;Bello - Antioquia, Colombia;6,35;-75,64;22;4;SGC;6,35;-75,64;17;4 Mw;1.416e+15 ;63;35;112;217;57;75;73;88;13;225;11;317;1.256E+15;-0.747E+15;-0.509E+15;-0.178E+15;-0.589E+15;-0.654E+15;ISOLA
2024-06-07 07:55:53;Génova - Quindío, Colombia;4,22;-75,79;16;4,3;SGC;4,217;-75,796;7;4.2 Mw;2.277e+15 ;247;83;165;339;75;7;15;202;74;44;6;294;0.502E+15;1.235E+15;-1.737E+15;-0.495E+15;-0.104E+15;-1.592E+15;ISOLA
2024-06-30 03:46:54;Los Santos - Santander, Colombia;6,79;-73,18;146;5;SGC;6,791;-73,177;161;4.6 Mw;9,084E+15;145;66;-167;50;78;-24;5;65;-11;336;-78;131;-1.938E+**15;-6.951E+**15;8.889E+**15;-3.321E+**15;-1.069E+**15;2.194E+**15;ISOLA
2024-08-28 03:03:59;Los Santos - Santander, Colombia;6,8;-73,19;147;4,9;SGC;6,78;-73,22;141;4.8 Mw;1,617E+16;274;37;-16;16;81;-126;44;161;-19;232;40;306;-0.417E+**16;0.57E+**16;-0.153E+**16;-0.147E+**16;-1.25E+**16;0.877E+**16;ISOLA
2024-12-24 06:39:54;Ituango - Antioquia, Colombia;7,35;-75,59;20;3,7;SGC;7,35;-75,59;19;4.1 Mw;1.370e+15 ;188;76;124;298;36;25;48;133;32;358;23;252;5.411E+**14;1.902E+**14;-7.314E+**14;-3.06E+**14;-9.72E+**14;6.38E+**14;ISOLA
2024-12-24 20:33:33;Maceo - Antioquia, Colombia;6,49;-74,76;55;4,6;SGC;6,49;-74,76;60;4.6 Mw;7,9E+15;42;53;-91;224;37;-89;6;185;-43;269;47;281;-6.495E+**15;2.84E+**15;3.655E+**15;-1.321E+**15;-1.52E+**15;5.152E+**15;ISOLA
2024-12-26 00:52:39;Tarazá - Antioquia, Colombia;7,29;-75,27;49;5,1;SGC;7,29;-75,27;49;5.1 Mw;4,31E+16;271;38;-44;39;65;-119;30;287;-45;232;30;178;-2.916E+**16;2.967E+**16;-0.051E+**16;-0.807E+**16;-2.436E+**16;1.827E+**16;ISOLA
